rating_id,customer_id,dish_id,rating,comment,rating_date
1,24,111,3,Tạm được,2024-03-04 22:00:00
2,2,109,5,Ngon lắm!,2024-08-04 21:00:00
3,10,18,5,Ngon lắm!,2024-06-29 09:00:00
4,46,116,4,Khá ngon,2024-11-01 21:00:00
5,17,48,4,"Ngon, sẽ quay lại",2025-11-16 22:00:00
6,49,77,5,Tuyệt vời!,2025-03-14 13:00:00
7,31,42,5,Rất hài lòng!,2025-03-05 15:00:00
8,25,3,5,Sẽ quay lại!,2025-12-10 17:00:00
9,5,38,3,Tạm được,2025-09-03 11:00:00
10,48,82,4,"Ngon, sẽ quay lại",2026-01-21 19:00:00
11,10,128,5,Ngon lắm!,2025-04-14 22:00:00
12,17,1,5,Rất hài lòng!,2025-11-21 14:00:00
13,29,25,2,Không như kỳ vọng,2024-05-08 18:00:00
14,45,43,5,Sẽ quay lại!,2024-07-11 14:00:00
15,13,4,5,Ngon lắm!,2024-12-22 11:00:00
16,20,129,3,Bình thường,2024-01-17 12:00:00
17,27,106,4,Ổn áp,2025-10-26 15:00:00
18,34,86,5,Xuất sắc!,2025-07-09 14:00:00
19,24,46,2,Cần cải thiện,2025-04-14 14:00:00
20,25,73,4,Khá ngon,2025-07-09 14:00:00
21,7,23,4,"Ngon, sẽ quay lại",2025-12-19 17:00:00
22,27,27,5,Rất hài lòng!,2024-01-17 17:00:00
23,35,26,3,Ổn nhưng giá hơi cao,2025-09-30 22:00:00
24,3,75,4,Khá ngon,2025-08-18 20:00:00
25,36,98,5,Xuất sắc!,2026-03-06 15:00:00
26,23,119,5,Rất hài lòng!,2025-04-25 09:00:00
27,48,102,2,Không như kỳ vọng,2025-10-22 19:00:00
28,33,73,2,Hơi mặn,2026-03-11 11:00:00
29,27,62,2,Không như kỳ vọng,2024-09-27 12:00:00
30,1,7,2,Không như kỳ vọng,2025-02-28 08:00:00
31,48,82,3,Tạm được,2025-06-15 21:00:00
32,16,101,5,Tuyệt vời!,2025-08-08 14:00:00
33,4,110,4,Chất lượng tốt,2025-02-06 21:00:00
34,12,104,2,Hơi mặn,2025-02-03 19:00:00
35,7,33,4,"Ngon, sẽ quay lại",2025-03-23 11:00:00
36,49,67,4,Chất lượng tốt,2025-02-05 21:00:00
37,6,7,2,Hơi mặn,2024-07-27 09:00:00
38,10,8,5,Sẽ quay lại!,2026-02-27 17:00:00
39,25,7,3,Ổn nhưng giá hơi cao,2024-03-21 17:00:00
40,41,92,3,Bình thường,2025-04-09 18:00:00
41,13,63,5,Rất hài lòng!,2024-08-15 12:00:00
42,18,22,3,Bình thường,2025-11-06 08:00:00
43,7,29,4,Khá ngon,2025-10-15 17:00:00
44,10,73,2,Hơi mặn,2024-05-05 09:00:00
45,32,93,2,Không như kỳ vọng,2024-04-05 09:00:00
46,2,106,5,Xuất sắc!,2025-05-17 20:00:00
47,14,108,4,Khá ngon,2025-10-02 09:00:00
48,29,42,2,Không như kỳ vọng,2025-10-10 22:00:00
49,37,9,5,Xuất sắc!,2024-07-01 18:00:00
50,40,2,1,Không ngon,2024-12-21 15:00:00
51,8,50,4,"Ngon, sẽ quay lại",2024-09-17 22:00:00
52,49,40,4,Chất lượng tốt,2025-06-14 16:00:00
53,14,8,2,Hơi mặn,2024-04-27 22:00:00
54,45,33,5,Ngon lắm!,2024-03-26 19:00:00
55,23,76,5,Rất hài lòng!,2024-07-23 09:00:00
56,33,103,3,Bình thường,2025-05-22 14:00:00
57,46,72,5,Rất hài lòng!,2024-07-21 18:00:00
58,20,43,5,Tuyệt vời!,2026-02-23 17:00:00
59,29,109,1,Sẽ không quay lại,2025-05-14 14:00:00
60,7,99,3,Tạm được,2024-11-22 17:00:00
61,41,17,5,Rất hài lòng!,2024-12-27 13:00:00
62,17,105,5,Ngon lắm!,2024-02-04 16:00:00
63,23,102,4,"Ngon, sẽ quay lại",2025-10-22 16:00:00
64,12,92,5,Tuyệt vời!,2024-11-26 14:00:00
65,24,38,5,Ngon lắm!,2025-11-03 13:00:00
66,1,85,5,Tuyệt vời!,2024-11-22 19:00:00
67,15,17,4,Khá ngon,2024-11-25 22:00:00
68,14,27,5,Sẽ quay lại!,2024-08-05 16:00:00
69,43,20,5,Sẽ quay lại!,2025-09-14 22:00:00
70,49,112,2,Hơi mặn,2025-03-07 18:00:00
71,4,127,3,Tạm được,2024-07-21 11:00:00
72,8,32,5,Rất hài lòng!,2024-10-08 14:00:00
73,25,61,5,Sẽ quay lại!,2024-11-30 17:00:00
74,37,2,5,Rất hài lòng!,2024-01-19 18:00:00
75,35,11,5,Ngon lắm!,2025-02-16 08:00:00
76,7,107,4,Ổn áp,2024-03-12 15:00:00
77,26,21,5,Sẽ quay lại!,2026-02-10 13:00:00
78,4,101,3,Tạm được,2025-05-20 17:00:00
79,42,32,4,Ổn áp,2025-04-10 15:00:00
80,15,13,2,Không như kỳ vọng,2024-04-15 08:00:00
81,45,112,5,Tuyệt vời!,2024-11-26 21:00:00
82,24,2,5,Xuất sắc!,2024-07-14 19:00:00
83,4,78,5,Xuất sắc!,2024-02-14 09:00:00
84,25,70,5,Tuyệt vời!,2025-12-05 17:00:00
85,8,33,2,Hơi mặn,2025-08-20 15:00:00
86,27,115,2,Cần cải thiện,2026-02-10 17:00:00
87,37,123,5,Rất hài lòng!,2025-06-24 11:00:00
88,47,124,1,Không ngon,2024-11-25 20:00:00
89,46,22,5,Ngon lắm!,2026-02-23 12:00:00
90,42,53,4,"Ngon, sẽ quay lại",2024-09-05 18:00:00
91,14,4,5,Tuyệt vời!,2025-05-21 08:00:00
92,32,27,4,Ổn áp,2025-01-29 11:00:00
93,34,132,5,Ngon lắm!,2025-08-27 20:00:00
94,30,40,3,Ổn nhưng giá hơi cao,2024-11-15 19:00:00
95,24,99,5,Rất hài lòng!,2024-05-13 11:00:00
96,50,103,2,Không như kỳ vọng,2025-06-09 11:00:00
97,44,79,5,Sẽ quay lại!,2025-03-09 10:00:00
98,7,29,4,Chất lượng tốt,2024-05-30 15:00:00
99,18,8,5,Rất hài lòng!,2025-04-16 10:00:00
100,17,31,4,"Ngon, sẽ quay lại",2025-04-08 13:00:00
101,26,129,5,Rất hài lòng!,2024-08-05 10:00:00
102,18,95,4,"Ngon, sẽ quay lại",2024-02-24 15:00:00
103,28,50,5,Ngon lắm!,2025-01-26 19:00:00
104,18,127,5,Sẽ quay lại!,2024-06-29 17:00:00
105,42,64,4,"Ngon, sẽ quay lại",2025-11-28 08:00:00
106,3,69,5,Tuyệt vời!,2024-02-24 22:00:00
107,15,104,5,Rất hài lòng!,2024-04-13 12:00:00
108,45,69,5,Rất hài lòng!,2024-08-13 19:00:00
109,41,74,5,Sẽ quay lại!,2024-07-27 13:00:00
110,12,129,5,Sẽ quay lại!,2024-01-04 09:00:00
111,45,62,4,Chất lượng tốt,2024-11-08 21:00:00
112,12,86,5,Rất hài lòng!,2024-03-12 10:00:00
113,31,110,5,Ngon lắm!,2024-01-14 18:00:00
114,5,44,5,Xuất sắc!,2024-09-27 22:00:00
115,1,126,4,Chất lượng tốt,2025-04-30 17:00:00
116,2,75,4,Chất lượng tốt,2024-02-16 21:00:00
117,10,25,4,"Ngon, sẽ quay lại",2024-06-20 20:00:00
118,29,126,5,Ngon lắm!,2026-01-23 13:00:00
119,32,65,1,Giá cao quá,2024-09-20 18:00:00
120,46,86,4,Khá ngon,2024-12-27 12:00:00
121,47,6,5,Tuyệt vời!,2025-12-03 16:00:00
122,10,92,1,Giá cao quá,2024-08-13 18:00:00
123,45,111,5,Ngon lắm!,2025-08-14 19:00:00
124,25,28,5,Ngon lắm!,2024-04-01 11:00:00
125,29,45,2,Hơi mặn,2025-11-26 16:00:00
126,22,101,2,Cần cải thiện,2024-12-23 22:00:00
127,13,11,4,Ổn áp,2024-10-09 12:00:00
128,30,89,3,Tạm được,2024-05-05 14:00:00
129,44,38,5,Rất hài lòng!,2024-01-09 15:00:00
130,40,42,4,Ổn áp,2025-06-19 12:00:00
131,19,4,4,Khá ngon,2024-03-07 20:00:00
132,38,32,5,Xuất sắc!,2024-10-16 21:00:00
133,23,1,4,"Ngon, sẽ quay lại",2024-01-06 14:00:00
134,19,129,5,Sẽ quay lại!,2024-12-24 22:00:00
135,18,37,5,Tuyệt vời!,2024-03-29 19:00:00
136,15,9,4,Khá ngon,2024-03-23 12:00:00
137,44,99,2,Hơi mặn,2024-09-11 20:00:00
138,17,78,5,Sẽ quay lại!,2024-04-10 22:00:00
139,44,83,5,Sẽ quay lại!,2025-07-31 14:00:00
140,17,35,5,Rất hài lòng!,2026-02-25 11:00:00
141,6,77,4,Khá ngon,2024-11-04 12:00:00
142,28,25,4,Chất lượng tốt,2025-01-19 20:00:00
143,33,92,4,Khá ngon,2025-12-11 13:00:00
144,27,119,5,Xuất sắc!,2025-04-22 14:00:00
145,27,23,2,Không như kỳ vọng,2024-01-28 20:00:00
146,16,132,4,Ổn áp,2024-11-05 20:00:00
147,37,76,5,Xuất sắc!,2025-07-10 22:00:00
148,26,2,3,Tạm được,2025-02-06 10:00:00
149,4,22,3,Bình thường,2025-06-14 15:00:00
150,22,25,5,Ngon lắm!,2025-10-27 09:00:00
151,4,32,4,"Ngon, sẽ quay lại",2025-12-08 13:00:00
152,36,127,3,Bình thường,2025-06-12 10:00:00
153,10,78,5,Ngon lắm!,2025-11-22 18:00:00
154,32,52,3,Bình thường,2024-01-07 20:00:00
155,8,25,5,Tuyệt vời!,2024-06-05 17:00:00
156,33,114,5,Rất hài lòng!,2025-04-30 08:00:00
157,26,124,5,Tuyệt vời!,2024-05-04 12:00:00
158,40,113,3,Ổn nhưng giá hơi cao,2025-07-13 12:00:00
159,41,6,4,Chất lượng tốt,2025-03-18 10:00:00
160,16,44,5,Sẽ quay lại!,2026-02-01 18:00:00
161,31,123,3,Tạm được,2025-07-13 11:00:00
162,32,95,5,Ngon lắm!,2024-04-12 17:00:00
163,7,119,5,Rất hài lòng!,2025-12-15 20:00:00
164,19,118,3,Bình thường,2024-05-31 08:00:00
165,20,9,4,Khá ngon,2024-01-12 17:00:00
166,30,118,5,Ngon lắm!,2024-12-29 10:00:00
167,33,129,5,Tuyệt vời!,2024-06-11 13:00:00
168,25,132,5,Xuất sắc!,2025-12-24 16:00:00
169,42,87,5,Rất hài lòng!,2024-06-04 13:00:00
170,49,78,3,Tạm được,2024-05-23 12:00:00
171,25,121,5,Sẽ quay lại!,2025-10-22 15:00:00
172,33,67,4,Chất lượng tốt,2025-08-12 19:00:00
173,23,104,4,"Ngon, sẽ quay lại",2025-08-25 17:00:00
174,15,25,5,Xuất sắc!,2026-01-20 10:00:00
175,21,60,4,Chất lượng tốt,2025-11-26 15:00:00
176,25,108,5,Xuất sắc!,2024-06-27 19:00:00
177,3,19,5,Rất hài lòng!,2024-09-13 09:00:00
178,2,45,3,Tạm được,2025-09-13 18:00:00
179,9,52,5,Tuyệt vời!,2025-04-05 14:00:00
180,19,58,5,Tuyệt vời!,2025-03-24 18:00:00
181,34,50,3,Bình thường,2025-03-20 21:00:00
182,7,53,4,"Ngon, sẽ quay lại",2025-10-06 18:00:00
183,50,105,3,Ổn nhưng giá hơi cao,2024-01-06 13:00:00
184,12,128,4,Chất lượng tốt,2024-03-14 13:00:00
185,31,129,3,Tạm được,2025-08-07 21:00:00
186,9,18,5,Rất hài lòng!,2025-07-26 21:00:00
187,5,21,4,Chất lượng tốt,2025-01-20 21:00:00
188,8,128,3,Bình thường,2024-11-01 09:00:00
189,2,58,5,Ngon lắm!,2025-07-07 13:00:00
190,46,92,2,Không như kỳ vọng,2024-09-14 14:00:00
191,5,62,2,Cần cải thiện,2024-06-10 12:00:00
192,26,15,2,Cần cải thiện,2025-05-27 12:00:00
193,31,68,4,"Ngon, sẽ quay lại",2024-04-23 17:00:00
194,13,86,5,Xuất sắc!,2025-03-07 12:00:00
195,47,85,5,Xuất sắc!,2025-07-14 21:00:00
196,37,10,5,Ngon lắm!,2024-03-15 20:00:00
197,48,21,1,Sẽ không quay lại,2025-03-02 17:00:00
198,47,11,4,"Ngon, sẽ quay lại",2024-05-12 12:00:00
199,42,90,5,Rất hài lòng!,2025-06-03 11:00:00
200,15,6,4,"Ngon, sẽ quay lại",2026-03-11 21:00:00
201,13,98,5,Xuất sắc!,2026-03-11 20:00:00
202,50,97,4,Chất lượng tốt,2024-02-23 14:00:00
203,9,30,4,Khá ngon,2025-03-13 16:00:00
204,24,91,5,Tuyệt vời!,2025-09-22 22:00:00
205,15,24,5,Sẽ quay lại!,2024-02-29 11:00:00
206,49,12,5,Xuất sắc!,2025-02-26 19:00:00
207,4,20,2,Không như kỳ vọng,2024-09-12 21:00:00
208,3,81,5,Ngon lắm!,2024-07-03 12:00:00
209,9,102,4,Khá ngon,2024-09-07 12:00:00
210,5,65,4,Chất lượng tốt,2025-11-03 09:00:00
211,23,57,4,Khá ngon,2026-01-22 21:00:00
212,36,75,3,Ổn nhưng giá hơi cao,2025-01-10 20:00:00
213,45,129,5,Xuất sắc!,2024-09-30 13:00:00
214,40,125,5,Ngon lắm!,2025-02-24 19:00:00
215,34,60,5,Ngon lắm!,2024-05-20 21:00:00
216,24,37,3,Bình thường,2024-08-03 09:00:00
217,42,117,1,Không ngon,2025-12-16 15:00:00
218,18,99,5,Ngon lắm!,2024-02-04 12:00:00
219,18,99,3,Tạm được,2024-03-27 08:00:00
220,29,12,5,Tuyệt vời!,2025-01-26 14:00:00
221,28,14,5,Ngon lắm!,2024-07-07 18:00:00
222,2,87,5,Ngon lắm!,2026-02-20 13:00:00
223,49,8,3,Tạm được,2025-08-28 11:00:00
224,28,15,3,Bình thường,2025-09-28 14:00:00
225,44,74,4,Khá ngon,2026-01-08 22:00:00
226,50,67,4,Chất lượng tốt,2026-01-06 17:00:00
227,16,34,1,Không ngon,2025-04-23 19:00:00
228,6,64,5,Sẽ quay lại!,2025-11-29 12:00:00
229,3,71,5,Ngon lắm!,2025-08-07 14:00:00
230,42,4,5,Xuất sắc!,2024-09-13 20:00:00
231,17,46,5,Rất hài lòng!,2025-11-07 13:00:00
232,30,10,4,Ổn áp,2025-03-26 08:00:00
233,27,15,4,"Ngon, sẽ quay lại",2025-07-23 11:00:00
234,21,17,5,Rất hài lòng!,2025-09-16 16:00:00
235,18,67,5,Rất hài lòng!,2026-02-23 20:00:00
236,10,13,5,Tuyệt vời!,2025-10-07 10:00:00
237,44,130,5,Rất hài lòng!,2024-02-09 10:00:00
238,46,59,4,"Ngon, sẽ quay lại",2024-02-12 16:00:00
239,2,91,1,Sẽ không quay lại,2024-09-22 12:00:00
240,23,28,3,Bình thường,2025-09-06 11:00:00
241,5,61,4,Chất lượng tốt,2024-04-25 16:00:00
242,44,107,5,Xuất sắc!,2025-01-15 21:00:00
243,2,84,4,Ổn áp,2024-10-16 10:00:00
244,42,96,5,Rất hài lòng!,2025-02-21 22:00:00
245,2,42,2,Hơi mặn,2024-10-28 17:00:00
246,38,7,5,Xuất sắc!,2024-06-02 22:00:00
247,46,131,4,Ổn áp,2024-11-16 16:00:00
248,38,9,2,Cần cải thiện,2025-01-22 21:00:00
249,42,21,3,Bình thường,2025-01-25 20:00:00
250,33,108,1,Sẽ không quay lại,2024-08-17 17:00:00
251,4,121,3,Ổn nhưng giá hơi cao,2025-06-24 20:00:00
252,18,50,4,Ổn áp,2025-03-27 13:00:00
253,50,93,2,Không như kỳ vọng,2024-12-02 11:00:00
254,45,62,4,Khá ngon,2026-02-05 09:00:00
255,6,91,3,Ổn nhưng giá hơi cao,2025-02-23 13:00:00
256,31,59,4,Khá ngon,2025-01-05 18:00:00
257,9,63,3,Tạm được,2024-08-23 17:00:00
258,39,67,4,Ổn áp,2025-11-12 10:00:00
259,27,108,5,Sẽ quay lại!,2024-04-30 09:00:00
260,41,51,1,Không ngon,2025-08-12 15:00:00
261,8,108,2,Hơi mặn,2024-01-16 10:00:00
262,31,26,3,Bình thường,2025-12-29 22:00:00
263,45,43,2,Không như kỳ vọng,2025-03-17 08:00:00
264,25,109,5,Ngon lắm!,2025-06-26 22:00:00
265,16,76,5,Xuất sắc!,2025-12-14 16:00:00
266,39,28,5,Xuất sắc!,2024-12-10 17:00:00
267,27,116,5,Rất hài lòng!,2024-12-29 15:00:00
268,9,47,5,Sẽ quay lại!,2025-05-03 19:00:00
269,10,2,2,Cần cải thiện,2025-06-05 09:00:00
270,30,98,4,Ổn áp,2025-11-21 18:00:00
271,38,72,4,"Ngon, sẽ quay lại",2025-06-04 19:00:00
272,4,131,5,Rất hài lòng!,2025-05-20 13:00:00
273,49,46,5,Tuyệt vời!,2025-01-28 13:00:00
274,47,54,5,Rất hài lòng!,2026-01-22 22:00:00
275,40,81,4,"Ngon, sẽ quay lại",2025-08-11 22:00:00
276,19,71,5,Rất hài lòng!,2024-06-18 09:00:00
277,17,28,4,Chất lượng tốt,2024-06-22 12:00:00
278,14,131,4,Chất lượng tốt,2024-05-24 09:00:00
279,35,50,5,Xuất sắc!,2024-02-10 22:00:00
280,14,73,4,Khá ngon,2024-01-27 13:00:00
281,30,76,3,Bình thường,2025-06-17 10:00:00
282,28,127,3,Tạm được,2024-05-02 15:00:00
283,47,30,5,Ngon lắm!,2024-05-20 12:00:00
284,15,20,3,Tạm được,2026-02-01 20:00:00
285,30,132,5,Xuất sắc!,2024-12-09 12:00:00
286,3,111,3,Bình thường,2024-11-18 22:00:00
287,13,10,2,Cần cải thiện,2025-06-17 13:00:00
288,38,97,4,Chất lượng tốt,2024-09-08 10:00:00
289,10,125,4,Chất lượng tốt,2024-09-28 15:00:00
290,13,23,3,Ổn nhưng giá hơi cao,2024-10-16 10:00:00
291,1,112,2,Không như kỳ vọng,2026-02-06 11:00:00
292,46,46,4,"Ngon, sẽ quay lại",2025-09-17 11:00:00
293,25,61,4,Ổn áp,2024-09-26 17:00:00
294,20,60,4,Ổn áp,2025-11-03 10:00:00
295,41,101,4,Ổn áp,2025-05-16 20:00:00
296,15,29,4,Ổn áp,2024-10-29 09:00:00
297,16,109,4,"Ngon, sẽ quay lại",2025-04-02 13:00:00
298,8,89,5,Rất hài lòng!,2024-11-22 18:00:00
299,31,126,3,Ổn nhưng giá hơi cao,2026-03-03 22:00:00
300,19,69,4,Chất lượng tốt,2024-08-28 08:00:00
301,36,83,2,Hơi mặn,2025-02-22 08:00:00
302,29,109,4,Khá ngon,2025-02-25 14:00:00
303,32,57,5,Ngon lắm!,2024-02-25 12:00:00
304,29,105,4,Chất lượng tốt,2024-02-16 12:00:00
305,14,29,4,Ổn áp,2024-06-19 16:00:00
306,47,6,5,Rất hài lòng!,2025-07-06 08:00:00
307,23,17,5,Xuất sắc!,2025-12-22 13:00:00
308,13,41,4,Khá ngon,2025-01-05 16:00:00
309,11,96,2,Hơi mặn,2024-08-22 12:00:00
310,16,4,4,"Ngon, sẽ quay lại",2025-07-20 19:00:00
311,7,129,3,Tạm được,2026-02-12 16:00:00
312,19,78,3,Bình thường,2024-02-13 10:00:00
313,16,9,5,Ngon lắm!,2026-03-01 19:00:00
314,26,34,3,Ổn nhưng giá hơi cao,2025-01-21 18:00:00
315,5,130,2,Cần cải thiện,2024-03-27 09:00:00
316,2,4,3,Ổn nhưng giá hơi cao,2026-01-20 14:00:00
317,10,25,3,Ổn nhưng giá hơi cao,2025-09-11 22:00:00
318,39,80,4,Ổn áp,2025-02-04 11:00:00
319,20,71,4,Khá ngon,2026-01-31 08:00:00
320,37,121,5,Rất hài lòng!,2024-09-27 18:00:00
321,27,72,5,Rất hài lòng!,2024-04-05 11:00:00
322,33,63,5,Rất hài lòng!,2025-12-20 16:00:00
323,26,96,5,Sẽ quay lại!,2025-05-23 19:00:00
324,37,7,3,Tạm được,2025-04-08 11:00:00
325,31,28,3,Ổn nhưng giá hơi cao,2025-04-02 13:00:00
326,41,22,5,Xuất sắc!,2024-05-27 20:00:00
327,32,64,4,"Ngon, sẽ quay lại",2024-07-31 21:00:00
328,31,60,5,Xuất sắc!,2025-09-23 21:00:00
329,20,87,3,Bình thường,2024-09-15 14:00:00
330,39,105,5,Xuất sắc!,2025-12-06 17:00:00
331,36,126,5,Sẽ quay lại!,2024-08-02 20:00:00
332,21,119,4,Khá ngon,2025-10-29 11:00:00
333,6,27,4,Khá ngon,2026-01-27 19:00:00
334,49,4,4,Chất lượng tốt,2025-01-19 10:00:00
335,13,113,4,"Ngon, sẽ quay lại",2024-05-04 10:00:00
336,11,125,5,Tuyệt vời!,2025-03-10 15:00:00
337,26,3,3,Tạm được,2025-07-14 14:00:00
338,44,70,5,Sẽ quay lại!,2024-10-28 19:00:00
339,42,43,5,Tuyệt vời!,2025-01-15 17:00:00
340,40,96,5,Sẽ quay lại!,2025-12-02 11:00:00
341,14,85,4,Chất lượng tốt,2025-04-28 15:00:00
342,31,3,5,Ngon lắm!,2026-01-02 21:00:00
343,5,2,4,Ổn áp,2024-06-02 15:00:00
344,7,118,3,Tạm được,2024-07-23 19:00:00
345,39,41,5,Xuất sắc!,2025-10-01 15:00:00
346,15,89,5,Xuất sắc!,2025-07-26 22:00:00
347,28,79,2,Hơi mặn,2024-10-08 12:00:00
348,17,52,4,"Ngon, sẽ quay lại",2025-02-16 22:00:00
349,14,72,4,Chất lượng tốt,2024-04-15 19:00:00
350,34,99,5,Ngon lắm!,2024-04-14 10:00:00
351,18,122,4,Chất lượng tốt,2025-08-29 17:00:00
352,6,38,5,Tuyệt vời!,2024-08-25 11:00:00
353,5,14,5,Tuyệt vời!,2024-01-01 13:00:00
354,43,121,4,Ổn áp,2025-03-26 14:00:00
355,16,101,5,Rất hài lòng!,2026-02-17 09:00:00
356,23,80,3,Ổn nhưng giá hơi cao,2025-12-24 15:00:00
357,39,55,5,Tuyệt vời!,2024-03-21 22:00:00
358,10,112,2,Cần cải thiện,2024-10-11 19:00:00
359,17,31,4,Khá ngon,2025-12-12 20:00:00
360,24,120,4,Ổn áp,2024-07-01 08:00:00
361,36,49,3,Tạm được,2024-08-06 17:00:00
362,13,114,5,Ngon lắm!,2026-02-04 08:00:00
363,20,85,4,"Ngon, sẽ quay lại",2024-01-06 17:00:00
364,1,70,2,Không như kỳ vọng,2024-09-16 16:00:00
365,26,12,4,Ổn áp,2025-10-19 15:00:00
366,2,121,5,Sẽ quay lại!,2024-02-28 17:00:00
367,31,27,4,"Ngon, sẽ quay lại",2025-05-17 10:00:00
368,46,40,5,Tuyệt vời!,2025-09-19 22:00:00
369,27,31,2,Không như kỳ vọng,2024-05-14 09:00:00
370,21,25,4,Ổn áp,2025-12-28 08:00:00
371,40,5,1,Giá cao quá,2024-07-17 18:00:00
372,46,44,3,Ổn nhưng giá hơi cao,2024-11-20 22:00:00
373,1,104,3,Tạm được,2025-01-10 16:00:00
374,5,50,3,Ổn nhưng giá hơi cao,2025-11-16 08:00:00
375,12,114,5,Xuất sắc!,2024-09-30 09:00:00
376,33,105,5,Tuyệt vời!,2024-07-22 19:00:00
377,18,90,4,"Ngon, sẽ quay lại",2024-01-04 12:00:00
378,45,23,5,Sẽ quay lại!,2025-08-04 21:00:00
379,6,47,2,Cần cải thiện,2024-03-31 09:00:00
380,41,6,5,Tuyệt vời!,2024-11-21 17:00:00
381,24,118,3,Bình thường,2024-08-10 18:00:00
382,44,49,2,Cần cải thiện,2024-09-09 12:00:00
383,4,98,3,Ổn nhưng giá hơi cao,2024-05-15 12:00:00
384,37,81,5,Rất hài lòng!,2024-10-12 10:00:00
385,13,46,5,Ngon lắm!,2024-07-11 12:00:00
386,6,126,5,Ngon lắm!,2025-03-26 12:00:00
387,42,116,4,Chất lượng tốt,2024-12-23 20:00:00
388,10,54,5,Rất hài lòng!,2025-08-22 14:00:00
389,19,54,5,Ngon lắm!,2025-11-29 20:00:00
390,48,69,4,"Ngon, sẽ quay lại",2025-05-30 16:00:00
391,14,120,4,Ổn áp,2024-08-03 12:00:00
392,43,48,5,Rất hài lòng!,2024-04-28 16:00:00
393,24,97,5,Sẽ quay lại!,2025-08-23 13:00:00
394,7,92,2,Không như kỳ vọng,2024-11-26 19:00:00
395,22,26,5,Tuyệt vời!,2025-05-01 13:00:00
396,30,48,2,Không như kỳ vọng,2024-11-09 10:00:00
397,38,112,4,Khá ngon,2025-09-23 15:00:00
398,47,96,4,Ổn áp,2024-09-06 12:00:00
399,3,60,4,"Ngon, sẽ quay lại",2025-02-14 12:00:00
400,37,103,4,"Ngon, sẽ quay lại",2026-03-03 12:00:00
401,20,51,5,Sẽ quay lại!,2024-06-19 22:00:00
402,22,14,3,Bình thường,2024-05-13 18:00:00
403,23,118,5,Rất hài lòng!,2026-02-23 10:00:00
404,10,52,5,Tuyệt vời!,2024-01-01 18:00:00
405,16,53,5,Rất hài lòng!,2024-03-23 10:00:00
406,44,96,5,Xuất sắc!,2024-09-07 10:00:00
407,31,101,4,Chất lượng tốt,2024-12-18 09:00:00
408,30,63,2,Không như kỳ vọng,2025-11-15 14:00:00
409,9,103,5,Ngon lắm!,2024-11-21 20:00:00
410,28,101,2,Cần cải thiện,2025-11-21 19:00:00
411,48,7,5,Tuyệt vời!,2025-05-15 18:00:00
412,16,95,2,Hơi mặn,2024-07-01 20:00:00
413,39,102,5,Xuất sắc!,2024-01-02 17:00:00
414,13,12,4,Chất lượng tốt,2024-05-21 15:00:00
415,25,47,5,Rất hài lòng!,2024-04-05 13:00:00
416,44,124,5,Xuất sắc!,2024-11-14 14:00:00
417,11,102,5,Sẽ quay lại!,2025-03-07 10:00:00
418,6,89,3,Ổn nhưng giá hơi cao,2025-04-21 20:00:00
419,26,4,3,Bình thường,2025-11-02 21:00:00
420,25,117,5,Xuất sắc!,2025-08-11 16:00:00
421,28,14,4,Ổn áp,2025-11-17 14:00:00
422,8,116,4,Ổn áp,2026-01-29 18:00:00
423,35,94,3,Bình thường,2025-12-30 13:00:00
424,49,99,3,Ổn nhưng giá hơi cao,2025-03-10 16:00:00
425,46,67,5,Tuyệt vời!,2024-01-08 13:00:00
426,30,112,4,"Ngon, sẽ quay lại",2025-09-21 19:00:00
427,32,118,4,Ổn áp,2024-02-10 09:00:00
428,24,65,5,Rất hài lòng!,2025-09-05 18:00:00
429,2,69,5,Tuyệt vời!,2024-10-30 20:00:00
430,29,84,5,Ngon lắm!,2025-03-03 08:00:00
431,23,10,4,Khá ngon,2025-09-02 09:00:00
432,7,33,5,Tuyệt vời!,2024-03-27 16:00:00
433,18,89,4,Khá ngon,2025-03-17 22:00:00
434,47,118,4,"Ngon, sẽ quay lại",2024-09-06 22:00:00
435,10,26,5,Rất hài lòng!,2025-01-16 08:00:00
436,22,78,4,Khá ngon,2026-01-12 09:00:00
437,17,21,4,Khá ngon,2024-07-07 19:00:00
438,17,78,1,Sẽ không quay lại,2024-07-15 17:00:00
439,4,96,4,Khá ngon,2024-09-06 19:00:00
440,48,48,5,Ngon lắm!,2025-03-23 12:00:00
441,26,47,4,Ổn áp,2024-02-16 17:00:00
442,2,107,5,Tuyệt vời!,2025-02-20 11:00:00
443,41,82,5,Xuất sắc!,2025-04-18 17:00:00
444,21,57,5,Xuất sắc!,2024-01-19 19:00:00
445,39,118,4,Khá ngon,2026-01-15 19:00:00
446,25,122,4,"Ngon, sẽ quay lại",2024-12-02 16:00:00
447,29,39,5,Rất hài lòng!,2024-11-23 13:00:00
448,35,44,2,Cần cải thiện,2025-05-25 11:00:00
449,43,21,5,Rất hài lòng!,2025-02-16 08:00:00
450,14,95,4,Ổn áp,2024-12-19 09:00:00
451,44,120,5,Xuất sắc!,2024-11-18 15:00:00
452,40,91,5,Sẽ quay lại!,2025-08-21 10:00:00
453,49,73,4,Khá ngon,2026-02-22 08:00:00
454,35,34,1,Giá cao quá,2025-01-19 22:00:00
455,26,56,4,Chất lượng tốt,2024-05-06 09:00:00
456,12,41,1,Sẽ không quay lại,2025-08-07 12:00:00
457,23,56,1,Giá cao quá,2025-07-17 14:00:00
458,50,93,2,Cần cải thiện,2024-10-12 13:00:00
459,49,82,5,Sẽ quay lại!,2025-12-04 18:00:00
460,26,127,4,Khá ngon,2025-02-05 11:00:00
461,12,103,5,Ngon lắm!,2025-04-05 10:00:00
462,30,45,5,Xuất sắc!,2024-12-08 20:00:00
463,27,106,5,Tuyệt vời!,2025-10-30 14:00:00
464,9,129,4,"Ngon, sẽ quay lại",2025-09-25 11:00:00
465,2,84,4,Chất lượng tốt,2026-01-19 14:00:00
466,44,24,5,Ngon lắm!,2025-10-02 15:00:00
467,42,100,5,Sẽ quay lại!,2025-09-07 22:00:00
468,11,118,4,Ổn áp,2024-07-16 21:00:00
469,31,52,3,Tạm được,2024-09-02 10:00:00
470,2,53,5,Sẽ quay lại!,2024-03-07 22:00:00
471,39,114,4,Chất lượng tốt,2024-09-07 18:00:00
472,42,29,3,Ổn nhưng giá hơi cao,2025-04-17 16:00:00
473,30,18,3,Bình thường,2024-06-12 11:00:00
474,27,121,3,Tạm được,2025-11-29 18:00:00
475,46,31,5,Sẽ quay lại!,2025-03-03 12:00:00
476,2,113,4,Khá ngon,2025-06-30 19:00:00
477,26,11,3,Tạm được,2024-03-02 12:00:00
478,42,113,5,Rất hài lòng!,2025-06-07 18:00:00
479,17,29,3,Ổn nhưng giá hơi cao,2024-04-16 10:00:00
480,22,37,5,Tuyệt vời!,2025-02-26 18:00:00
481,7,85,3,Ổn nhưng giá hơi cao,2024-08-03 12:00:00
482,46,126,4,Chất lượng tốt,2025-04-14 22:00:00
483,45,114,3,Tạm được,2024-12-16 12:00:00
484,37,71,3,Ổn nhưng giá hơi cao,2025-12-17 12:00:00
485,34,74,5,Xuất sắc!,2024-05-23 10:00:00
486,24,75,5,Ngon lắm!,2025-01-14 17:00:00
487,41,79,2,Hơi mặn,2024-06-11 17:00:00
488,10,33,3,Bình thường,2025-11-20 12:00:00
489,41,59,4,"Ngon, sẽ quay lại",2025-01-28 12:00:00
490,10,4,2,Hơi mặn,2025-08-20 12:00:00
491,34,104,5,Rất hài lòng!,2025-06-04 19:00:00
492,42,40,4,Ổn áp,2024-06-23 13:00:00
493,32,44,4,Khá ngon,2025-01-22 21:00:00
494,43,17,5,Ngon lắm!,2025-01-23 08:00:00
495,10,72,5,Sẽ quay lại!,2024-07-30 11:00:00
496,13,92,3,Tạm được,2024-05-02 18:00:00
497,1,59,4,Chất lượng tốt,2025-10-15 22:00:00
498,41,26,5,Ngon lắm!,2024-02-03 14:00:00
499,35,21,4,"Ngon, sẽ quay lại",2024-10-04 16:00:00
500,16,66,4,Chất lượng tốt,2025-06-19 11:00:00
501,16,59,4,Khá ngon,2025-10-28 21:00:00
502,36,72,5,Xuất sắc!,2025-09-15 12:00:00
503,5,34,3,Ổn nhưng giá hơi cao,2026-01-20 21:00:00
504,16,123,5,Rất hài lòng!,2024-07-31 11:00:00
505,21,19,5,Tuyệt vời!,2026-03-11 08:00:00
506,31,51,4,"Ngon, sẽ quay lại",2025-03-28 09:00:00
507,32,77,4,"Ngon, sẽ quay lại",2024-08-08 17:00:00
508,29,50,4,Khá ngon,2024-04-24 19:00:00
509,27,70,1,Giá cao quá,2024-09-14 20:00:00
510,31,132,4,Ổn áp,2024-12-02 16:00:00
511,35,64,1,Giá cao quá,2024-11-02 12:00:00
512,20,113,5,Xuất sắc!,2025-07-28 16:00:00
513,1,82,1,Sẽ không quay lại,2024-07-05 15:00:00
514,5,111,4,Ổn áp,2024-06-16 10:00:00
515,41,47,5,Tuyệt vời!,2025-03-29 13:00:00
516,14,79,3,Ổn nhưng giá hơi cao,2026-02-20 11:00:00
517,31,27,5,Ngon lắm!,2026-02-23 16:00:00
518,44,40,2,Hơi mặn,2024-08-03 17:00:00
519,11,41,5,Sẽ quay lại!,2026-02-23 14:00:00
520,31,107,4,Ổn áp,2024-11-29 16:00:00
521,20,95,5,Tuyệt vời!,2024-09-26 15:00:00
522,48,81,5,Rất hài lòng!,2026-01-14 13:00:00
523,49,107,5,Xuất sắc!,2025-07-30 14:00:00
524,27,91,3,Ổn nhưng giá hơi cao,2025-02-17 08:00:00
525,18,5,3,Ổn nhưng giá hơi cao,2025-04-12 20:00:00
526,17,76,5,Ngon lắm!,2025-11-08 19:00:00
527,25,84,5,Sẽ quay lại!,2025-03-13 20:00:00
528,14,129,4,Khá ngon,2024-07-23 20:00:00
529,16,42,2,Hơi mặn,2024-04-19 09:00:00
530,31,12,3,Ổn nhưng giá hơi cao,2026-01-08 17:00:00
531,16,72,5,Sẽ quay lại!,2025-12-24 15:00:00
532,4,88,4,Ổn áp,2024-03-01 09:00:00
533,19,29,4,Khá ngon,2025-03-24 22:00:00
534,21,106,5,Tuyệt vời!,2026-02-06 09:00:00
535,37,52,2,Cần cải thiện,2025-08-26 12:00:00
536,37,67,5,Sẽ quay lại!,2024-09-08 13:00:00
537,2,36,4,"Ngon, sẽ quay lại",2024-10-25 19:00:00
538,48,81,2,Hơi mặn,2025-12-17 19:00:00
539,14,48,2,Hơi mặn,2025-04-01 19:00:00
540,22,51,4,Ổn áp,2025-04-16 13:00:00
541,2,36,5,Xuất sắc!,2026-02-04 22:00:00
542,32,13,4,"Ngon, sẽ quay lại",2025-03-13 14:00:00
543,2,112,2,Không như kỳ vọng,2025-06-08 13:00:00
544,35,126,1,Giá cao quá,2024-11-30 20:00:00
545,48,20,4,"Ngon, sẽ quay lại",2025-10-11 09:00:00
546,35,41,1,Sẽ không quay lại,2026-03-10 09:00:00
547,30,49,3,Bình thường,2024-03-30 17:00:00
548,18,120,3,Tạm được,2025-03-17 21:00:00
549,42,85,2,Không như kỳ vọng,2026-01-26 10:00:00
550,30,111,5,Xuất sắc!,2025-08-12 13:00:00
551,40,100,4,"Ngon, sẽ quay lại",2024-10-27 08:00:00
552,10,67,5,Tuyệt vời!,2024-11-26 14:00:00
553,35,118,4,Chất lượng tốt,2026-02-25 13:00:00
554,23,40,3,Bình thường,2025-08-11 22:00:00
555,12,26,3,Bình thường,2024-07-30 12:00:00
556,9,90,4,"Ngon, sẽ quay lại",2024-02-10 20:00:00
557,15,54,5,Tuyệt vời!,2024-11-18 22:00:00
558,15,56,5,Ngon lắm!,2025-03-10 12:00:00
559,25,7,5,Rất hài lòng!,2025-03-26 09:00:00
560,25,13,2,Hơi mặn,2026-01-27 11:00:00
561,50,98,4,"Ngon, sẽ quay lại",2024-07-22 11:00:00
562,38,32,5,Tuyệt vời!,2024-06-28 16:00:00
563,48,92,3,Ổn nhưng giá hơi cao,2024-05-03 15:00:00
564,14,24,1,Sẽ không quay lại,2025-03-01 11:00:00
565,8,117,5,Xuất sắc!,2024-09-18 16:00:00
566,7,91,5,Ngon lắm!,2025-03-06 14:00:00
567,42,77,2,Không như kỳ vọng,2024-03-07 14:00:00
568,42,100,1,Giá cao quá,2024-03-27 18:00:00
569,42,83,5,Xuất sắc!,2024-10-08 19:00:00
570,37,3,5,Tuyệt vời!,2024-09-11 10:00:00
571,31,10,4,"Ngon, sẽ quay lại",2024-05-23 19:00:00
572,48,76,4,Ổn áp,2024-08-02 21:00:00
573,12,45,4,Chất lượng tốt,2024-06-10 14:00:00
574,24,29,3,Bình thường,2025-11-15 10:00:00
575,26,96,5,Ngon lắm!,2024-07-27 12:00:00
576,2,85,4,"Ngon, sẽ quay lại",2024-01-30 20:00:00
577,10,105,2,Không như kỳ vọng,2024-02-05 19:00:00
578,47,44,4,Chất lượng tốt,2026-02-19 17:00:00
579,15,24,5,Rất hài lòng!,2024-12-23 22:00:00
580,30,107,1,Sẽ không quay lại,2024-04-25 15:00:00
581,41,1,4,Ổn áp,2025-09-09 20:00:00
582,21,94,4,"Ngon, sẽ quay lại",2024-09-20 10:00:00
583,37,51,4,Chất lượng tốt,2026-02-05 21:00:00
584,10,58,5,Xuất sắc!,2024-05-12 20:00:00
585,19,27,3,Bình thường,2026-01-04 14:00:00
586,43,78,5,Ngon lắm!,2024-07-08 19:00:00
587,38,69,3,Bình thường,2025-04-18 18:00:00
588,10,9,5,Rất hài lòng!,2025-01-18 18:00:00
589,1,37,4,"Ngon, sẽ quay lại",2024-07-21 10:00:00
590,26,83,3,Bình thường,2024-08-31 10:00:00
591,23,49,4,Khá ngon,2025-05-10 21:00:00
592,40,68,4,Khá ngon,2024-08-07 15:00:00
593,50,132,5,Ngon lắm!,2024-10-13 18:00:00
594,22,125,5,Sẽ quay lại!,2024-07-09 12:00:00
595,22,68,4,"Ngon, sẽ quay lại",2024-04-08 18:00:00
596,2,33,3,Bình thường,2025-03-12 18:00:00
597,8,31,5,Sẽ quay lại!,2025-04-13 21:00:00
598,23,79,3,Tạm được,2024-05-09 21:00:00
599,33,47,4,Khá ngon,2024-03-25 21:00:00
600,10,57,3,Bình thường,2025-06-07 11:00:00
601,34,39,5,Sẽ quay lại!,2026-02-01 13:00:00
602,35,93,2,Cần cải thiện,2025-06-21 08:00:00
603,24,41,5,Xuất sắc!,2025-06-27 10:00:00
604,40,58,4,Chất lượng tốt,2025-10-12 18:00:00
605,13,72,4,"Ngon, sẽ quay lại",2025-09-16 14:00:00
606,25,108,1,Giá cao quá,2025-02-14 12:00:00
607,20,1,4,"Ngon, sẽ quay lại",2024-05-19 19:00:00
608,20,54,5,Sẽ quay lại!,2025-07-23 18:00:00
609,49,106,4,Chất lượng tốt,2024-03-09 08:00:00
610,16,101,5,Tuyệt vời!,2024-06-13 20:00:00
611,13,64,4,Ổn áp,2025-02-04 17:00:00
612,26,32,5,Sẽ quay lại!,2024-10-09 10:00:00
613,29,37,2,Cần cải thiện,2024-06-04 11:00:00
614,41,31,5,Sẽ quay lại!,2024-12-01 08:00:00
615,41,121,5,Tuyệt vời!,2024-04-15 20:00:00
616,8,117,4,Chất lượng tốt,2024-11-01 21:00:00
617,47,88,5,Ngon lắm!,2026-02-11 22:00:00
618,17,29,2,Cần cải thiện,2024-02-11 14:00:00
619,46,125,4,Ổn áp,2025-08-22 10:00:00
620,47,93,5,Tuyệt vời!,2024-04-15 09:00:00
621,45,111,2,Hơi mặn,2025-11-11 15:00:00
622,50,72,5,Ngon lắm!,2024-04-17 21:00:00
623,22,108,2,Cần cải thiện,2025-10-17 16:00:00
624,1,26,3,Ổn nhưng giá hơi cao,2024-12-31 09:00:00
625,32,57,3,Ổn nhưng giá hơi cao,2024-09-05 17:00:00
626,50,125,4,Khá ngon,2024-09-29 09:00:00
627,3,28,4,"Ngon, sẽ quay lại",2025-11-14 14:00:00
628,16,93,4,Khá ngon,2024-04-30 20:00:00
629,3,89,3,Ổn nhưng giá hơi cao,2026-01-05 19:00:00
630,34,10,3,Tạm được,2025-04-16 17:00:00
631,50,111,3,Ổn nhưng giá hơi cao,2025-10-05 19:00:00
632,12,7,2,Cần cải thiện,2024-08-09 17:00:00
633,27,8,2,Cần cải thiện,2024-04-11 12:00:00
634,44,89,4,Ổn áp,2024-09-16 13:00:00
635,29,13,1,Giá cao quá,2024-09-11 12:00:00
636,50,42,4,Chất lượng tốt,2025-10-12 12:00:00
637,21,103,4,Ổn áp,2025-07-14 18:00:00
638,32,23,3,Tạm được,2024-06-25 21:00:00
639,15,82,5,Ngon lắm!,2025-07-05 19:00:00
640,41,104,5,Ngon lắm!,2026-01-09 09:00:00
641,49,98,4,Chất lượng tốt,2025-10-16 10:00:00
642,23,87,5,Rất hài lòng!,2025-12-25 15:00:00
643,11,83,2,Không như kỳ vọng,2026-02-11 10:00:00
644,33,76,5,Sẽ quay lại!,2025-08-18 12:00:00
645,45,20,4,Chất lượng tốt,2025-02-11 17:00:00
646,43,104,5,Ngon lắm!,2025-12-29 17:00:00
647,23,102,5,Tuyệt vời!,2024-12-14 16:00:00
648,48,76,2,Cần cải thiện,2024-04-16 21:00:00
649,15,114,4,"Ngon, sẽ quay lại",2024-03-25 13:00:00
650,18,7,5,Rất hài lòng!,2024-06-07 18:00:00
651,16,58,5,Rất hài lòng!,2025-12-12 11:00:00
652,1,76,4,Chất lượng tốt,2024-08-09 10:00:00
653,29,107,1,Sẽ không quay lại,2025-09-18 15:00:00
654,27,48,4,Khá ngon,2025-08-04 11:00:00
655,17,94,4,Ổn áp,2025-01-31 19:00:00
656,16,82,4,Ổn áp,2025-01-08 22:00:00
657,21,64,5,Sẽ quay lại!,2025-12-10 10:00:00
658,33,122,4,Ổn áp,2024-04-08 22:00:00
659,47,90,5,Sẽ quay lại!,2025-09-10 11:00:00
660,18,14,3,Tạm được,2024-08-17 15:00:00
661,28,17,4,Chất lượng tốt,2025-05-24 17:00:00
662,42,15,5,Ngon lắm!,2025-04-04 16:00:00
663,5,91,4,"Ngon, sẽ quay lại",2025-12-24 10:00:00
664,17,8,1,Sẽ không quay lại,2024-10-09 17:00:00
665,49,35,4,Khá ngon,2025-03-17 19:00:00
666,35,78,5,Ngon lắm!,2025-04-07 12:00:00
667,10,81,5,Xuất sắc!,2025-06-04 14:00:00
668,49,92,1,Sẽ không quay lại,2024-02-24 19:00:00
669,5,106,5,Tuyệt vời!,2024-03-13 17:00:00
670,50,46,3,Bình thường,2024-09-11 17:00:00
671,8,85,5,Xuất sắc!,2025-05-21 19:00:00
672,45,100,5,Rất hài lòng!,2025-02-17 17:00:00
673,22,47,5,Xuất sắc!,2025-04-30 10:00:00
674,28,65,5,Rất hài lòng!,2024-06-30 19:00:00
675,13,59,5,Ngon lắm!,2024-09-23 14:00:00
676,22,116,1,Không ngon,2025-10-10 09:00:00
677,39,16,4,"Ngon, sẽ quay lại",2024-01-21 22:00:00
678,1,4,4,"Ngon, sẽ quay lại",2024-04-07 10:00:00
679,37,96,5,Xuất sắc!,2024-11-09 08:00:00
680,40,128,1,Không ngon,2024-07-12 18:00:00
681,44,40,4,Ổn áp,2024-12-19 09:00:00
682,50,46,4,Chất lượng tốt,2025-03-27 19:00:00
683,40,10,3,Ổn nhưng giá hơi cao,2025-03-31 08:00:00
684,20,75,2,Không như kỳ vọng,2024-05-03 20:00:00
685,34,43,5,Xuất sắc!,2024-07-03 17:00:00
686,40,87,4,Khá ngon,2025-09-09 10:00:00
687,25,115,2,Không như kỳ vọng,2025-07-15 21:00:00
688,16,94,4,Chất lượng tốt,2024-03-08 13:00:00
689,26,11,5,Ngon lắm!,2025-05-17 11:00:00
690,43,26,5,Sẽ quay lại!,2025-05-06 20:00:00
691,34,101,5,Sẽ quay lại!,2025-11-01 13:00:00
692,9,115,4,Chất lượng tốt,2024-10-16 13:00:00
693,26,112,5,Rất hài lòng!,2025-10-03 14:00:00
694,7,83,5,Sẽ quay lại!,2024-01-25 15:00:00
695,32,74,4,"Ngon, sẽ quay lại",2025-02-02 12:00:00
696,6,79,4,Chất lượng tốt,2024-02-12 11:00:00
697,35,8,4,"Ngon, sẽ quay lại",2026-01-26 08:00:00
698,23,14,1,Sẽ không quay lại,2025-01-29 11:00:00
699,34,46,2,Cần cải thiện,2026-01-26 16:00:00
700,14,26,5,Rất hài lòng!,2025-12-16 08:00:00
701,21,19,2,Cần cải thiện,2024-08-14 19:00:00
702,41,4,5,Xuất sắc!,2024-07-30 17:00:00
703,45,30,2,Hơi mặn,2024-07-29 22:00:00
704,22,46,5,Rất hài lòng!,2024-09-03 18:00:00
705,26,12,3,Bình thường,2025-01-15 22:00:00
706,43,67,5,Rất hài lòng!,2024-09-09 17:00:00
707,41,80,4,Chất lượng tốt,2025-12-28 21:00:00
708,18,105,2,Cần cải thiện,2025-10-31 19:00:00
709,18,49,5,Rất hài lòng!,2025-02-27 14:00:00
710,45,102,5,Xuất sắc!,2024-01-11 18:00:00
711,43,58,4,"Ngon, sẽ quay lại",2025-04-04 10:00:00
712,32,18,4,Chất lượng tốt,2024-04-28 10:00:00
713,17,102,4,Ổn áp,2024-06-20 19:00:00
714,37,67,4,"Ngon, sẽ quay lại",2024-10-18 21:00:00
715,13,23,3,Ổn nhưng giá hơi cao,2025-02-08 21:00:00
716,34,10,3,Tạm được,2024-07-24 10:00:00
717,3,100,4,Chất lượng tốt,2024-04-24 11:00:00
718,5,62,5,Rất hài lòng!,2025-12-11 20:00:00
719,10,114,4,"Ngon, sẽ quay lại",2025-03-24 19:00:00
720,13,54,4,Ổn áp,2025-05-30 20:00:00
721,22,65,5,Tuyệt vời!,2024-01-15 10:00:00
722,42,15,5,Rất hài lòng!,2024-07-24 22:00:00
723,5,58,5,Tuyệt vời!,2024-10-25 16:00:00
724,47,113,4,"Ngon, sẽ quay lại",2024-12-09 18:00:00
725,16,74,2,Cần cải thiện,2024-03-12 21:00:00
726,4,29,5,Xuất sắc!,2025-07-14 13:00:00
727,40,44,4,Ổn áp,2025-07-01 08:00:00
728,7,60,5,Xuất sắc!,2024-05-26 22:00:00
729,25,31,5,Tuyệt vời!,2025-07-30 08:00:00
730,35,19,3,Bình thường,2024-02-06 17:00:00
731,37,99,4,Ổn áp,2025-05-02 22:00:00
732,48,61,4,Khá ngon,2025-01-31 15:00:00
733,30,123,4,Chất lượng tốt,2024-12-19 18:00:00
734,10,74,4,Chất lượng tốt,2025-01-03 11:00:00
735,11,95,1,Sẽ không quay lại,2025-02-01 12:00:00
736,3,118,5,Rất hài lòng!,2024-11-03 10:00:00
737,15,103,3,Bình thường,2025-07-08 21:00:00
738,26,108,3,Tạm được,2024-12-27 11:00:00
739,25,119,4,Ổn áp,2025-04-08 15:00:00
740,9,53,5,Tuyệt vời!,2025-11-12 14:00:00
741,13,94,5,Rất hài lòng!,2024-07-14 17:00:00
742,27,96,4,Ổn áp,2026-02-21 20:00:00
743,7,116,5,Ngon lắm!,2024-05-24 15:00:00
744,40,106,2,Không như kỳ vọng,2026-03-04 21:00:00
745,11,99,5,Sẽ quay lại!,2024-12-11 16:00:00
746,45,53,4,Khá ngon,2025-03-29 08:00:00
747,48,40,4,Khá ngon,2024-06-25 12:00:00
748,27,82,4,Khá ngon,2024-07-21 10:00:00
749,49,125,5,Ngon lắm!,2026-01-26 10:00:00
750,34,10,4,"Ngon, sẽ quay lại",2026-02-20 17:00:00
751,1,14,3,Tạm được,2024-03-28 08:00:00
752,23,52,2,Cần cải thiện,2024-11-16 22:00:00
753,5,93,5,Sẽ quay lại!,2024-08-06 12:00:00
754,29,122,2,Hơi mặn,2025-08-20 22:00:00
755,7,41,3,Bình thường,2024-10-23 12:00:00
756,40,105,5,Tuyệt vời!,2024-05-01 16:00:00
757,45,72,4,Chất lượng tốt,2025-10-05 15:00:00
758,29,25,1,Không ngon,2025-11-10 10:00:00
759,25,123,5,Tuyệt vời!,2025-01-25 15:00:00
760,24,113,3,Ổn nhưng giá hơi cao,2025-08-23 19:00:00
761,2,126,4,Ổn áp,2025-04-03 22:00:00
762,24,18,2,Không như kỳ vọng,2024-03-28 22:00:00
763,26,39,5,Xuất sắc!,2024-11-03 18:00:00
764,41,83,1,Giá cao quá,2025-11-15 11:00:00
765,39,127,3,Bình thường,2024-03-26 13:00:00
766,11,94,4,Ổn áp,2025-08-27 14:00:00
767,2,126,5,Ngon lắm!,2024-10-13 16:00:00
768,16,79,2,Hơi mặn,2024-02-23 18:00:00
769,3,70,4,Khá ngon,2025-03-19 13:00:00
770,3,34,4,"Ngon, sẽ quay lại",2024-12-06 16:00:00
771,25,52,3,Tạm được,2024-01-20 12:00:00
772,44,70,5,Rất hài lòng!,2024-02-06 19:00:00
773,28,105,5,Ngon lắm!,2025-06-08 21:00:00
774,17,50,5,Rất hài lòng!,2024-12-20 19:00:00
775,29,22,5,Ngon lắm!,2024-03-26 22:00:00
776,9,28,2,Không như kỳ vọng,2024-04-26 08:00:00
777,10,61,5,Xuất sắc!,2025-01-17 09:00:00
778,1,88,2,Cần cải thiện,2024-01-10 19:00:00
779,30,85,5,Xuất sắc!,2025-08-19 18:00:00
780,9,52,4,"Ngon, sẽ quay lại",2024-02-27 19:00:00
781,1,111,5,Tuyệt vời!,2026-01-05 09:00:00
782,25,83,5,Sẽ quay lại!,2026-01-04 09:00:00
783,32,48,5,Rất hài lòng!,2024-07-21 19:00:00
784,4,114,5,Tuyệt vời!,2025-11-23 17:00:00
785,13,68,4,Chất lượng tốt,2024-03-22 10:00:00
786,45,32,2,Cần cải thiện,2025-08-12 11:00:00
787,21,59,3,Bình thường,2024-07-11 10:00:00
788,39,106,5,Sẽ quay lại!,2025-08-29 12:00:00
789,17,89,4,Chất lượng tốt,2024-08-11 14:00:00
790,44,65,4,Ổn áp,2025-11-01 22:00:00
791,5,127,3,Tạm được,2024-03-07 08:00:00
792,49,111,2,Không như kỳ vọng,2024-03-02 17:00:00
793,1,23,4,Ổn áp,2026-01-03 15:00:00
794,44,17,4,Ổn áp,2025-01-05 19:00:00
795,23,123,3,Tạm được,2024-11-22 15:00:00
796,21,49,4,Chất lượng tốt,2026-02-20 15:00:00
797,23,105,4,Khá ngon,2024-02-13 19:00:00
798,26,119,2,Hơi mặn,2024-11-28 22:00:00
799,49,99,4,Khá ngon,2024-05-25 19:00:00
800,21,98,2,Cần cải thiện,2024-05-22 20:00:00
801,28,45,5,Tuyệt vời!,2025-01-09 08:00:00
802,7,5,4,Khá ngon,2024-07-07 11:00:00
803,13,6,4,Khá ngon,2024-10-04 13:00:00
804,36,72,5,Tuyệt vời!,2024-11-06 21:00:00
805,32,111,5,Rất hài lòng!,2025-09-13 19:00:00
806,43,16,2,Hơi mặn,2024-06-12 15:00:00
807,46,123,1,Sẽ không quay lại,2024-03-09 13:00:00
808,32,56,5,Rất hài lòng!,2024-08-28 16:00:00
809,11,87,4,Ổn áp,2024-11-11 18:00:00
810,8,34,4,Ổn áp,2025-03-15 17:00:00
811,45,33,5,Ngon lắm!,2025-01-17 20:00:00
812,2,115,4,Ổn áp,2025-04-29 09:00:00
813,45,60,4,Ổn áp,2024-08-02 13:00:00
814,18,88,4,Ổn áp,2025-05-02 20:00:00
815,41,59,4,Chất lượng tốt,2024-05-10 13:00:00
816,37,121,3,Bình thường,2024-09-12 15:00:00
817,49,38,5,Sẽ quay lại!,2024-04-07 14:00:00
818,30,69,5,Xuất sắc!,2025-06-25 15:00:00
819,50,71,4,Chất lượng tốt,2026-03-07 11:00:00
820,31,64,5,Tuyệt vời!,2026-03-07 08:00:00
821,40,124,4,Chất lượng tốt,2024-12-01 13:00:00
822,21,52,3,Ổn nhưng giá hơi cao,2024-11-23 15:00:00
823,8,76,5,Xuất sắc!,2025-09-03 17:00:00
824,33,73,3,Bình thường,2024-07-18 16:00:00
825,1,77,3,Tạm được,2025-03-09 19:00:00
826,2,108,5,Xuất sắc!,2024-10-30 08:00:00
827,10,115,5,Rất hài lòng!,2026-03-05 22:00:00
828,49,81,4,"Ngon, sẽ quay lại",2025-08-31 15:00:00
829,13,117,2,Hơi mặn,2025-04-11 12:00:00
830,2,32,5,Xuất sắc!,2024-05-11 13:00:00
831,24,37,2,Hơi mặn,2025-07-19 15:00:00
832,2,112,3,Ổn nhưng giá hơi cao,2025-01-19 16:00:00
833,40,9,5,Ngon lắm!,2024-07-01 13:00:00
834,3,131,5,Xuất sắc!,2026-02-13 17:00:00
835,32,17,3,Bình thường,2025-12-31 10:00:00
836,11,61,5,Xuất sắc!,2024-04-14 16:00:00
837,6,106,3,Tạm được,2024-12-31 13:00:00
838,35,16,3,Ổn nhưng giá hơi cao,2025-05-19 14:00:00
839,10,23,4,Chất lượng tốt,2025-02-09 19:00:00
840,17,59,4,Chất lượng tốt,2024-04-28 20:00:00
841,2,14,5,Tuyệt vời!,2025-11-30 16:00:00
842,49,60,4,Chất lượng tốt,2024-02-13 11:00:00
843,21,83,1,Giá cao quá,2024-05-20 16:00:00
844,2,131,3,Tạm được,2025-11-17 14:00:00
845,45,107,4,"Ngon, sẽ quay lại",2025-11-16 19:00:00
846,14,59,5,Sẽ quay lại!,2025-08-26 08:00:00
847,6,95,4,Chất lượng tốt,2024-12-23 19:00:00
848,1,73,5,Ngon lắm!,2024-06-04 16:00:00
849,11,52,4,Ổn áp,2025-06-07 14:00:00
850,17,101,5,Xuất sắc!,2024-11-30 22:00:00
851,29,132,4,Khá ngon,2025-04-07 08:00:00
852,25,28,5,Tuyệt vời!,2024-04-25 08:00:00
853,48,77,5,Tuyệt vời!,2025-08-06 19:00:00
854,30,14,2,Cần cải thiện,2024-11-06 13:00:00
855,17,56,4,"Ngon, sẽ quay lại",2025-08-03 22:00:00
856,12,86,5,Tuyệt vời!,2024-08-09 21:00:00
857,47,84,4,Khá ngon,2026-01-07 14:00:00
858,11,126,1,Giá cao quá,2025-09-08 20:00:00
859,43,64,4,"Ngon, sẽ quay lại",2024-10-19 20:00:00
860,2,13,4,"Ngon, sẽ quay lại",2024-01-01 21:00:00
861,29,98,2,Cần cải thiện,2024-01-01 12:00:00
862,4,95,4,Chất lượng tốt,2024-06-12 09:00:00
863,24,20,4,Ổn áp,2025-03-09 19:00:00
864,50,9,4,"Ngon, sẽ quay lại",2024-01-23 12:00:00
865,14,31,5,Xuất sắc!,2024-09-26 15:00:00
866,1,29,2,Không như kỳ vọng,2025-05-02 10:00:00
867,38,70,3,Tạm được,2025-04-11 21:00:00
868,5,40,5,Tuyệt vời!,2025-07-30 15:00:00
869,2,10,5,Rất hài lòng!,2025-11-25 14:00:00
870,12,4,4,"Ngon, sẽ quay lại",2025-04-21 14:00:00
871,18,73,4,Khá ngon,2026-02-27 22:00:00
872,43,70,5,Tuyệt vời!,2024-09-30 08:00:00
873,1,12,5,Sẽ quay lại!,2025-04-03 20:00:00
874,45,126,3,Bình thường,2025-03-21 16:00:00
875,19,94,3,Bình thường,2026-01-30 08:00:00
876,31,42,4,Ổn áp,2025-04-12 21:00:00
877,36,38,4,Ổn áp,2025-01-15 19:00:00
878,12,103,3,Tạm được,2024-12-21 14:00:00
879,19,38,4,Khá ngon,2024-12-21 20:00:00
880,28,23,4,Ổn áp,2025-02-21 13:00:00
881,23,120,2,Hơi mặn,2024-12-06 22:00:00
882,3,88,3,Ổn nhưng giá hơi cao,2025-11-27 10:00:00
883,39,88,2,Cần cải thiện,2025-10-02 10:00:00
884,37,36,4,Chất lượng tốt,2026-02-01 10:00:00
885,27,29,3,Ổn nhưng giá hơi cao,2025-02-09 09:00:00
886,37,2,4,Ổn áp,2025-06-16 09:00:00
887,48,59,2,Cần cải thiện,2025-11-11 10:00:00
888,8,84,3,Ổn nhưng giá hơi cao,2024-12-08 15:00:00
889,26,101,3,Bình thường,2025-01-17 16:00:00
890,45,28,4,Chất lượng tốt,2026-02-06 14:00:00
891,45,49,4,"Ngon, sẽ quay lại",2025-04-09 10:00:00
892,7,127,2,Không như kỳ vọng,2025-05-31 20:00:00
893,16,104,2,Hơi mặn,2025-12-12 12:00:00
894,7,49,3,Bình thường,2025-07-08 18:00:00
895,14,48,5,Xuất sắc!,2024-10-29 09:00:00
896,28,92,5,Rất hài lòng!,2025-04-08 09:00:00
897,22,100,5,Ngon lắm!,2025-09-03 12:00:00
898,38,123,5,Sẽ quay lại!,2025-03-14 17:00:00
899,3,128,4,Ổn áp,2025-11-26 15:00:00
900,31,99,5,Sẽ quay lại!,2024-09-18 19:00:00
901,38,90,3,Ổn nhưng giá hơi cao,2025-03-08 19:00:00
902,3,125,4,"Ngon, sẽ quay lại",2024-01-28 14:00:00
903,6,63,4,"Ngon, sẽ quay lại",2025-07-10 09:00:00
904,16,121,4,"Ngon, sẽ quay lại",2026-02-06 13:00:00
905,46,116,5,Tuyệt vời!,2025-07-19 20:00:00
906,44,33,4,"Ngon, sẽ quay lại",2024-04-07 08:00:00
907,33,47,2,Hơi mặn,2025-03-31 09:00:00
908,35,13,5,Ngon lắm!,2025-08-01 14:00:00
909,32,45,4,Khá ngon,2025-12-15 16:00:00
910,19,85,5,Rất hài lòng!,2024-06-15 08:00:00
911,5,51,5,Rất hài lòng!,2024-06-07 21:00:00
912,50,46,4,Khá ngon,2024-01-06 14:00:00
913,22,127,5,Tuyệt vời!,2024-07-06 11:00:00
914,8,26,3,Bình thường,2025-12-18 22:00:00
915,37,7,5,Rất hài lòng!,2026-01-28 17:00:00
916,2,95,4,"Ngon, sẽ quay lại",2025-12-16 14:00:00
917,28,109,4,"Ngon, sẽ quay lại",2024-02-04 12:00:00
918,43,92,5,Rất hài lòng!,2024-09-26 22:00:00
919,9,31,4,"Ngon, sẽ quay lại",2024-09-06 22:00:00
920,43,51,5,Rất hài lòng!,2025-08-07 10:00:00
921,36,68,4,Khá ngon,2025-07-13 13:00:00
922,38,106,5,Xuất sắc!,2025-11-03 10:00:00
923,10,77,4,Chất lượng tốt,2024-08-25 11:00:00
924,24,16,3,Ổn nhưng giá hơi cao,2025-02-04 08:00:00
925,43,69,3,Ổn nhưng giá hơi cao,2024-04-25 16:00:00
926,9,82,4,Chất lượng tốt,2024-11-06 22:00:00
927,43,122,2,Hơi mặn,2024-08-06 11:00:00
928,25,19,4,Chất lượng tốt,2024-04-11 10:00:00
929,49,18,4,Khá ngon,2025-06-06 10:00:00
930,11,64,4,Khá ngon,2024-03-15 17:00:00
931,17,105,3,Bình thường,2025-01-05 11:00:00
932,21,102,3,Bình thường,2024-02-13 21:00:00
933,24,101,5,Rất hài lòng!,2026-01-13 22:00:00
934,9,123,4,Khá ngon,2024-08-18 19:00:00
935,11,62,4,Ổn áp,2026-02-12 18:00:00
936,39,8,4,Khá ngon,2024-03-17 14:00:00
937,50,38,5,Xuất sắc!,2024-03-27 19:00:00
938,30,88,5,Ngon lắm!,2025-02-06 12:00:00
939,20,121,3,Ổn nhưng giá hơi cao,2025-09-11 13:00:00
940,45,36,4,Khá ngon,2026-02-14 21:00:00
941,22,17,5,Ngon lắm!,2025-12-09 15:00:00
942,19,132,4,Chất lượng tốt,2024-10-04 21:00:00
943,16,49,5,Ngon lắm!,2024-11-27 22:00:00
944,22,106,1,Giá cao quá,2024-07-15 21:00:00
945,43,49,5,Sẽ quay lại!,2025-03-10 18:00:00
946,50,76,2,Không như kỳ vọng,2024-05-22 20:00:00
947,35,83,4,Chất lượng tốt,2025-01-05 19:00:00
948,12,31,3,Ổn nhưng giá hơi cao,2025-08-18 16:00:00
949,16,53,3,Ổn nhưng giá hơi cao,2024-10-25 18:00:00
950,42,128,3,Tạm được,2024-12-11 10:00:00
951,18,118,5,Sẽ quay lại!,2025-05-10 19:00:00
952,5,65,5,Xuất sắc!,2024-09-17 17:00:00
953,1,18,1,Không ngon,2025-07-17 14:00:00
954,32,117,3,Ổn nhưng giá hơi cao,2024-09-17 22:00:00
955,37,108,4,Chất lượng tốt,2024-10-10 16:00:00
956,32,28,5,Rất hài lòng!,2025-03-13 18:00:00
957,9,47,4,"Ngon, sẽ quay lại",2024-11-16 09:00:00
958,5,72,5,Xuất sắc!,2024-02-25 08:00:00
959,7,109,4,Chất lượng tốt,2024-10-01 10:00:00
960,4,3,5,Xuất sắc!,2025-11-07 17:00:00
961,18,73,5,Rất hài lòng!,2025-10-01 19:00:00
962,39,69,5,Sẽ quay lại!,2024-08-13 17:00:00
963,2,82,5,Tuyệt vời!,2024-08-30 10:00:00
964,35,5,5,Tuyệt vời!,2025-01-27 11:00:00
965,18,125,5,Xuất sắc!,2026-01-28 17:00:00
966,16,118,5,Sẽ quay lại!,2025-02-20 11:00:00
967,15,72,5,Xuất sắc!,2024-06-26 22:00:00
968,28,99,5,Rất hài lòng!,2025-11-18 12:00:00
969,6,105,5,Rất hài lòng!,2024-04-12 21:00:00
970,25,98,4,"Ngon, sẽ quay lại",2026-01-26 22:00:00
971,44,126,4,Khá ngon,2024-10-05 11:00:00
972,21,6,3,Tạm được,2025-06-20 13:00:00
973,29,53,4,Ổn áp,2025-02-01 21:00:00
974,45,97,5,Tuyệt vời!,2024-03-20 17:00:00
975,21,91,3,Tạm được,2024-07-31 11:00:00
976,15,98,5,Sẽ quay lại!,2026-01-02 12:00:00
977,37,63,2,Cần cải thiện,2024-01-25 18:00:00
978,2,100,4,Ổn áp,2025-04-08 19:00:00
979,28,115,5,Rất hài lòng!,2024-01-21 15:00:00
980,15,69,5,Ngon lắm!,2024-09-18 13:00:00
981,11,44,2,Không như kỳ vọng,2024-09-23 15:00:00
982,39,51,2,Không như kỳ vọng,2025-10-22 16:00:00
983,49,59,1,Không ngon,2025-01-08 08:00:00
984,40,13,3,Tạm được,2024-06-11 09:00:00
985,10,76,5,Tuyệt vời!,2024-09-18 15:00:00
986,12,59,2,Hơi mặn,2024-10-12 21:00:00
987,15,24,5,Sẽ quay lại!,2025-06-17 09:00:00
988,48,46,5,Ngon lắm!,2025-11-01 20:00:00
989,11,61,4,"Ngon, sẽ quay lại",2025-03-09 22:00:00
990,46,20,3,Bình thường,2024-07-19 17:00:00
991,12,32,3,Tạm được,2024-10-02 21:00:00
992,12,40,4,Chất lượng tốt,2025-01-12 19:00:00
993,11,70,5,Sẽ quay lại!,2024-01-09 13:00:00
994,4,101,3,Bình thường,2025-05-27 16:00:00
995,9,62,5,Sẽ quay lại!,2025-04-25 10:00:00
996,18,119,3,Bình thường,2025-08-10 20:00:00
997,46,64,4,Chất lượng tốt,2025-12-28 09:00:00
998,5,97,4,Chất lượng tốt,2026-02-11 08:00:00
999,32,102,5,Sẽ quay lại!,2025-04-16 16:00:00
1000,34,120,4,Ổn áp,2025-02-17 22:00:00
1001,48,104,3,Tạm được,2025-08-14 19:00:00
1002,33,128,4,Chất lượng tốt,2025-02-21 10:00:00
1003,39,95,3,Tạm được,2024-07-30 09:00:00
1004,25,77,5,Ngon lắm!,2025-02-26 14:00:00
1005,49,5,5,Tuyệt vời!,2025-05-13 11:00:00
1006,10,116,4,Chất lượng tốt,2025-10-15 20:00:00
1007,16,37,4,"Ngon, sẽ quay lại",2024-11-05 14:00:00
1008,32,103,2,Hơi mặn,2025-03-25 12:00:00
1009,14,119,3,Bình thường,2025-01-15 22:00:00
1010,10,26,4,Ổn áp,2024-02-22 11:00:00
1011,25,111,5,Xuất sắc!,2024-12-24 15:00:00
1012,33,123,4,"Ngon, sẽ quay lại",2024-12-29 21:00:00
1013,23,85,2,Không như kỳ vọng,2025-05-05 09:00:00
1014,1,26,5,Tuyệt vời!,2025-06-02 10:00:00
1015,4,7,3,Ổn nhưng giá hơi cao,2025-07-29 12:00:00
1016,2,115,5,Rất hài lòng!,2025-06-17 13:00:00
1017,23,84,5,Ngon lắm!,2025-09-19 15:00:00
1018,8,113,5,Rất hài lòng!,2025-06-13 17:00:00
1019,43,130,4,"Ngon, sẽ quay lại",2025-06-10 08:00:00
1020,25,85,1,Sẽ không quay lại,2024-06-06 22:00:00
1021,41,69,3,Bình thường,2026-01-19 19:00:00
1022,40,99,5,Ngon lắm!,2024-07-20 09:00:00
1023,20,4,5,Tuyệt vời!,2024-02-12 08:00:00
1024,27,39,5,Rất hài lòng!,2025-08-05 11:00:00
1025,14,1,4,"Ngon, sẽ quay lại",2024-09-18 22:00:00
1026,47,124,5,Xuất sắc!,2024-02-08 12:00:00
1027,44,127,5,Xuất sắc!,2024-06-18 22:00:00
1028,22,96,5,Rất hài lòng!,2025-04-15 20:00:00
1029,36,85,1,Sẽ không quay lại,2024-09-21 17:00:00
1030,43,72,4,Chất lượng tốt,2025-06-23 10:00:00
1031,31,70,5,Ngon lắm!,2024-01-23 14:00:00
1032,47,104,2,Không như kỳ vọng,2024-11-03 15:00:00
1033,17,28,1,Không ngon,2024-11-03 20:00:00
1034,16,119,4,Chất lượng tốt,2024-08-12 22:00:00
1035,33,93,2,Hơi mặn,2025-12-15 16:00:00
1036,22,77,3,Bình thường,2025-03-05 17:00:00
1037,43,17,5,Ngon lắm!,2025-09-30 15:00:00
1038,26,111,2,Không như kỳ vọng,2024-02-28 14:00:00
1039,24,31,4,Ổn áp,2024-02-01 13:00:00
1040,26,55,5,Rất hài lòng!,2025-05-18 22:00:00
1041,16,43,4,Ổn áp,2024-08-28 12:00:00
1042,25,22,5,Xuất sắc!,2024-11-30 17:00:00
1043,10,110,5,Rất hài lòng!,2026-01-25 08:00:00
1044,10,14,2,Không như kỳ vọng,2025-12-15 18:00:00
1045,19,94,4,Ổn áp,2024-02-03 10:00:00
1046,11,80,4,Ổn áp,2024-03-30 08:00:00
1047,3,1,5,Tuyệt vời!,2025-08-19 09:00:00
1048,32,28,3,Tạm được,2025-02-04 21:00:00
1049,34,19,4,Ổn áp,2025-09-22 21:00:00
1050,17,41,5,Sẽ quay lại!,2025-04-18 17:00:00
1051,45,73,5,Xuất sắc!,2025-09-13 11:00:00
1052,11,122,5,Rất hài lòng!,2024-12-12 18:00:00
1053,19,103,5,Rất hài lòng!,2025-06-05 12:00:00
1054,20,84,3,Bình thường,2024-08-28 20:00:00
1055,10,10,5,Xuất sắc!,2024-06-01 19:00:00
1056,7,115,5,Tuyệt vời!,2024-04-30 10:00:00
1057,50,86,5,Ngon lắm!,2024-03-16 12:00:00
1058,28,105,4,"Ngon, sẽ quay lại",2026-01-05 15:00:00
1059,36,78,2,Cần cải thiện,2025-11-15 18:00:00
1060,3,94,5,Tuyệt vời!,2025-04-29 18:00:00
1061,4,9,5,Ngon lắm!,2024-12-19 09:00:00
1062,43,102,5,Ngon lắm!,2025-05-24 15:00:00
1063,46,109,4,Ổn áp,2024-11-30 19:00:00
1064,45,48,1,Không ngon,2026-02-08 17:00:00
1065,27,24,2,Hơi mặn,2024-06-17 12:00:00
1066,3,36,2,Không như kỳ vọng,2024-12-08 10:00:00
1067,13,47,4,Khá ngon,2025-05-22 12:00:00
1068,24,88,5,Sẽ quay lại!,2024-01-10 18:00:00
1069,31,129,5,Tuyệt vời!,2024-01-03 09:00:00
1070,43,130,5,Ngon lắm!,2024-12-06 18:00:00
1071,40,51,4,Khá ngon,2025-06-25 17:00:00
1072,3,117,3,Ổn nhưng giá hơi cao,2026-01-18 20:00:00
1073,49,117,4,"Ngon, sẽ quay lại",2024-10-24 16:00:00
1074,38,17,5,Rất hài lòng!,2024-01-19 14:00:00
1075,30,60,3,Tạm được,2025-03-03 22:00:00
1076,17,77,3,Ổn nhưng giá hơi cao,2024-08-16 15:00:00
1077,38,66,2,Hơi mặn,2024-08-22 18:00:00
1078,3,57,5,Rất hài lòng!,2025-06-27 11:00:00
1079,4,20,5,Ngon lắm!,2024-01-03 14:00:00
1080,2,129,4,Ổn áp,2025-07-13 14:00:00
1081,32,55,3,Ổn nhưng giá hơi cao,2025-11-10 08:00:00
1082,8,61,4,Khá ngon,2024-10-21 20:00:00
1083,35,52,4,"Ngon, sẽ quay lại",2024-12-02 10:00:00
1084,42,63,4,Khá ngon,2024-03-22 13:00:00
1085,48,67,5,Tuyệt vời!,2024-05-12 22:00:00
1086,27,42,4,Khá ngon,2025-11-18 12:00:00
1087,7,74,5,Ngon lắm!,2024-06-16 13:00:00
1088,41,18,1,Không ngon,2025-12-09 16:00:00
1089,1,62,1,Không ngon,2024-05-04 21:00:00
1090,12,30,3,Tạm được,2026-02-15 12:00:00
1091,50,120,5,Sẽ quay lại!,2025-05-27 20:00:00
1092,18,22,5,Ngon lắm!,2025-11-15 17:00:00
1093,25,49,3,Ổn nhưng giá hơi cao,2024-12-27 10:00:00
1094,40,23,2,Không như kỳ vọng,2026-01-12 08:00:00
1095,34,50,5,Rất hài lòng!,2024-12-16 10:00:00
1096,23,8,1,Giá cao quá,2026-02-14 18:00:00
1097,7,132,2,Hơi mặn,2026-02-13 14:00:00
1098,41,124,5,Sẽ quay lại!,2024-07-13 17:00:00
1099,15,127,3,Ổn nhưng giá hơi cao,2024-03-09 19:00:00
1100,42,95,3,Bình thường,2025-01-31 13:00:00
1101,13,1,2,Cần cải thiện,2024-02-07 15:00:00
1102,24,87,5,Rất hài lòng!,2025-11-11 22:00:00
1103,30,22,3,Bình thường,2024-01-08 13:00:00
1104,36,30,3,Ổn nhưng giá hơi cao,2025-08-31 16:00:00
1105,36,88,5,Xuất sắc!,2025-05-21 16:00:00
1106,41,82,4,Chất lượng tốt,2024-02-03 20:00:00
1107,3,28,5,Xuất sắc!,2025-03-11 12:00:00
1108,45,67,2,Hơi mặn,2025-11-11 10:00:00
1109,27,20,1,Sẽ không quay lại,2024-10-14 13:00:00
1110,48,77,5,Rất hài lòng!,2025-05-25 12:00:00
1111,12,24,5,Tuyệt vời!,2024-10-18 13:00:00
1112,7,93,2,Không như kỳ vọng,2025-09-09 17:00:00
1113,22,82,5,Xuất sắc!,2024-09-27 20:00:00
1114,6,60,5,Xuất sắc!,2024-08-05 17:00:00
1115,49,21,5,Sẽ quay lại!,2026-02-17 16:00:00
1116,20,77,2,Không như kỳ vọng,2025-12-08 16:00:00
1117,3,80,2,Hơi mặn,2026-02-09 22:00:00
1118,48,14,5,Tuyệt vời!,2024-12-07 12:00:00
1119,7,123,5,Xuất sắc!,2025-08-25 08:00:00
1120,35,28,4,Ổn áp,2025-01-04 14:00:00
1121,16,21,5,Ngon lắm!,2025-07-28 22:00:00
1122,37,27,5,Xuất sắc!,2025-10-26 22:00:00
1123,9,44,4,Chất lượng tốt,2026-01-16 19:00:00
1124,34,70,1,Sẽ không quay lại,2024-01-06 18:00:00
1125,13,127,3,Ổn nhưng giá hơi cao,2026-03-05 21:00:00
1126,40,100,5,Tuyệt vời!,2025-03-16 11:00:00
1127,9,104,3,Ổn nhưng giá hơi cao,2024-10-26 13:00:00
1128,18,64,4,"Ngon, sẽ quay lại",2025-08-15 12:00:00
1129,39,128,3,Bình thường,2024-09-18 18:00:00
1130,13,65,1,Sẽ không quay lại,2025-02-19 17:00:00
1131,42,31,5,Tuyệt vời!,2024-07-07 21:00:00
1132,16,12,5,Xuất sắc!,2024-02-11 11:00:00
1133,18,29,4,"Ngon, sẽ quay lại",2024-05-16 11:00:00
1134,45,4,4,Khá ngon,2026-01-04 09:00:00
1135,10,38,5,Xuất sắc!,2024-07-30 15:00:00
1136,25,71,2,Hơi mặn,2024-11-28 14:00:00
1137,14,100,4,Ổn áp,2025-10-12 10:00:00
1138,43,63,5,Rất hài lòng!,2025-11-12 21:00:00
1139,4,65,4,"Ngon, sẽ quay lại",2024-10-07 14:00:00
1140,4,118,4,Ổn áp,2024-06-11 08:00:00
1141,19,37,5,Ngon lắm!,2024-04-23 22:00:00
1142,1,122,5,Sẽ quay lại!,2025-03-12 20:00:00
1143,20,58,5,Rất hài lòng!,2025-04-10 13:00:00
1144,31,100,5,Ngon lắm!,2024-10-09 21:00:00
1145,9,5,5,Tuyệt vời!,2024-08-13 15:00:00
1146,36,131,4,Chất lượng tốt,2025-01-28 11:00:00
1147,34,66,5,Xuất sắc!,2026-01-08 13:00:00
1148,20,104,5,Xuất sắc!,2025-11-05 16:00:00
1149,19,65,5,Tuyệt vời!,2024-04-19 11:00:00
1150,36,47,3,Ổn nhưng giá hơi cao,2025-11-15 22:00:00
1151,10,6,4,Ổn áp,2025-06-25 08:00:00
1152,27,88,3,Bình thường,2026-02-27 16:00:00
1153,47,79,4,Khá ngon,2024-07-10 09:00:00
1154,13,103,5,Sẽ quay lại!,2024-10-05 17:00:00
1155,25,121,4,Chất lượng tốt,2024-12-31 09:00:00
1156,22,92,2,Hơi mặn,2024-11-28 08:00:00
1157,32,59,3,Tạm được,2025-06-29 13:00:00
1158,5,27,1,Sẽ không quay lại,2024-01-17 19:00:00
1159,3,53,2,Hơi mặn,2024-08-24 14:00:00
1160,7,113,4,Chất lượng tốt,2026-01-26 09:00:00
1161,24,25,5,Xuất sắc!,2024-08-07 11:00:00
1162,8,72,5,Sẽ quay lại!,2025-08-24 14:00:00
1163,22,61,2,Cần cải thiện,2024-08-02 09:00:00
1164,39,62,5,Xuất sắc!,2024-09-13 20:00:00
1165,11,2,4,Khá ngon,2024-10-10 16:00:00
1166,27,85,3,Bình thường,2024-08-09 20:00:00
1167,37,72,5,Xuất sắc!,2025-08-19 11:00:00
1168,23,116,4,Chất lượng tốt,2024-12-23 22:00:00
1169,37,6,5,Ngon lắm!,2024-04-09 18:00:00
1170,48,12,5,Tuyệt vời!,2024-06-09 11:00:00
1171,9,76,5,Rất hài lòng!,2024-08-02 11:00:00
1172,40,35,5,Xuất sắc!,2025-04-05 11:00:00
1173,24,77,5,Rất hài lòng!,2026-01-11 11:00:00
1174,11,122,5,Rất hài lòng!,2024-03-05 21:00:00
1175,35,45,5,Rất hài lòng!,2025-01-18 08:00:00
1176,14,19,5,Tuyệt vời!,2026-02-21 10:00:00
1177,45,43,4,Ổn áp,2025-03-21 11:00:00
1178,44,85,3,Tạm được,2025-12-31 16:00:00
1179,43,56,5,Rất hài lòng!,2025-08-31 16:00:00
1180,29,72,4,Ổn áp,2025-09-17 21:00:00
1181,47,6,5,Tuyệt vời!,2024-08-07 22:00:00
1182,35,120,4,"Ngon, sẽ quay lại",2025-01-19 20:00:00
1183,45,33,2,Không như kỳ vọng,2024-04-28 20:00:00
1184,8,123,5,Rất hài lòng!,2025-12-18 16:00:00
1185,48,35,2,Không như kỳ vọng,2025-08-17 19:00:00
1186,15,33,4,Chất lượng tốt,2025-07-05 22:00:00
1187,39,19,2,Không như kỳ vọng,2025-06-04 21:00:00
1188,34,24,4,Ổn áp,2024-03-26 13:00:00
1189,12,12,5,Rất hài lòng!,2025-07-16 10:00:00
1190,15,23,4,Chất lượng tốt,2024-07-29 10:00:00
1191,47,21,4,Ổn áp,2024-03-14 14:00:00
1192,22,8,4,"Ngon, sẽ quay lại",2025-11-28 12:00:00
1193,50,7,3,Ổn nhưng giá hơi cao,2026-03-09 08:00:00
1194,49,21,5,Xuất sắc!,2024-11-26 10:00:00
1195,7,113,4,Ổn áp,2025-05-07 20:00:00
1196,39,7,5,Tuyệt vời!,2025-10-07 19:00:00
1197,44,30,1,Sẽ không quay lại,2024-11-16 14:00:00
1198,17,41,4,"Ngon, sẽ quay lại",2026-02-09 12:00:00
1199,43,123,4,Ổn áp,2024-05-31 17:00:00
1200,10,45,4,Ổn áp,2026-02-25 09:00:00
1201,25,121,4,"Ngon, sẽ quay lại",2024-02-13 13:00:00
1202,3,13,4,"Ngon, sẽ quay lại",2025-04-23 08:00:00
1203,23,88,4,"Ngon, sẽ quay lại",2024-09-08 14:00:00
1204,34,39,5,Rất hài lòng!,2025-06-12 12:00:00
1205,27,39,5,Ngon lắm!,2024-05-05 11:00:00
1206,43,13,4,Ổn áp,2024-11-25 13:00:00
1207,37,97,5,Xuất sắc!,2024-06-23 20:00:00
1208,31,14,4,Khá ngon,2024-02-10 18:00:00
1209,40,118,5,Sẽ quay lại!,2025-02-24 17:00:00
1210,40,48,5,Tuyệt vời!,2024-01-18 20:00:00
1211,4,32,5,Rất hài lòng!,2024-10-01 20:00:00
1212,36,2,5,Ngon lắm!,2025-06-25 09:00:00
1213,42,46,4,Khá ngon,2024-09-21 21:00:00
1214,13,97,4,Chất lượng tốt,2024-09-11 16:00:00
1215,18,63,4,Chất lượng tốt,2024-03-06 14:00:00
1216,26,76,4,Chất lượng tốt,2024-05-24 19:00:00
1217,43,79,4,Khá ngon,2025-10-22 18:00:00
1218,27,34,5,Ngon lắm!,2024-01-22 11:00:00
1219,14,27,3,Tạm được,2025-06-25 14:00:00
1220,30,11,1,Giá cao quá,2024-09-14 09:00:00
1221,11,91,5,Ngon lắm!,2025-10-08 14:00:00
1222,26,59,3,Ổn nhưng giá hơi cao,2024-02-13 10:00:00
1223,44,48,4,Ổn áp,2024-12-14 16:00:00
1224,43,22,5,Rất hài lòng!,2026-01-16 08:00:00
1225,18,75,5,Sẽ quay lại!,2025-02-25 20:00:00
1226,2,58,4,"Ngon, sẽ quay lại",2025-06-27 16:00:00
1227,33,46,5,Ngon lắm!,2025-07-23 19:00:00
1228,40,16,5,Ngon lắm!,2024-05-17 15:00:00
1229,4,75,5,Tuyệt vời!,2025-12-04 18:00:00
1230,49,91,5,Tuyệt vời!,2024-08-09 11:00:00
1231,21,32,3,Tạm được,2024-09-20 17:00:00
1232,7,24,3,Bình thường,2024-05-24 20:00:00
1233,30,32,3,Ổn nhưng giá hơi cao,2025-04-10 16:00:00
1234,38,24,5,Tuyệt vời!,2024-07-22 11:00:00
1235,42,83,4,Chất lượng tốt,2024-05-17 14:00:00
1236,3,20,5,Xuất sắc!,2025-02-20 21:00:00
1237,33,128,2,Hơi mặn,2025-09-18 20:00:00
1238,33,105,1,Sẽ không quay lại,2024-04-07 15:00:00
1239,1,3,3,Bình thường,2025-06-21 22:00:00
1240,2,28,5,Ngon lắm!,2024-01-28 20:00:00
1241,9,4,3,Bình thường,2024-04-24 16:00:00
1242,41,128,4,Ổn áp,2024-12-07 15:00:00
1243,47,107,3,Bình thường,2025-09-02 09:00:00
1244,26,95,2,Cần cải thiện,2025-11-27 11:00:00
1245,4,20,3,Tạm được,2024-05-17 22:00:00
1246,34,74,4,"Ngon, sẽ quay lại",2024-05-06 21:00:00
1247,26,123,4,Ổn áp,2024-08-19 11:00:00
1248,49,105,3,Bình thường,2025-08-23 10:00:00
1249,14,130,5,Tuyệt vời!,2026-01-10 10:00:00
1250,22,87,5,Rất hài lòng!,2025-04-07 12:00:00
1251,3,76,5,Tuyệt vời!,2024-09-18 22:00:00
1252,3,94,4,"Ngon, sẽ quay lại",2025-02-21 19:00:00
1253,32,102,3,Tạm được,2024-12-11 11:00:00
1254,34,25,4,"Ngon, sẽ quay lại",2026-01-31 08:00:00
1255,2,11,3,Bình thường,2025-03-12 20:00:00
1256,14,93,2,Hơi mặn,2024-02-26 16:00:00
1257,49,7,5,Rất hài lòng!,2025-09-14 09:00:00
1258,21,55,5,Xuất sắc!,2025-04-11 09:00:00
1259,17,88,1,Giá cao quá,2026-02-25 11:00:00
1260,36,47,5,Rất hài lòng!,2025-03-16 16:00:00
1261,32,109,4,Chất lượng tốt,2025-05-12 18:00:00
1262,17,75,4,"Ngon, sẽ quay lại",2025-06-21 21:00:00
1263,36,2,5,Sẽ quay lại!,2024-11-07 22:00:00
1264,22,77,1,Không ngon,2026-03-09 11:00:00
1265,36,35,4,Khá ngon,2025-11-14 22:00:00
1266,24,32,5,Xuất sắc!,2024-08-27 18:00:00
1267,45,5,5,Sẽ quay lại!,2025-01-14 15:00:00
1268,37,17,3,Tạm được,2025-06-03 13:00:00
1269,2,116,5,Ngon lắm!,2024-07-05 22:00:00
1270,49,108,4,Khá ngon,2024-06-18 14:00:00
1271,36,117,2,Không như kỳ vọng,2025-11-03 12:00:00
1272,35,94,2,Cần cải thiện,2024-10-29 10:00:00
1273,10,85,5,Sẽ quay lại!,2025-08-05 11:00:00
1274,33,80,5,Sẽ quay lại!,2024-01-22 20:00:00
1275,13,28,4,Chất lượng tốt,2024-07-18 10:00:00
1276,50,37,3,Tạm được,2024-08-16 12:00:00
1277,27,6,4,Khá ngon,2025-07-27 08:00:00
1278,30,107,5,Xuất sắc!,2025-10-17 09:00:00
1279,14,80,4,Chất lượng tốt,2024-06-27 19:00:00
1280,43,93,4,Chất lượng tốt,2024-08-13 13:00:00
1281,43,5,2,Hơi mặn,2025-06-16 10:00:00
1282,43,31,3,Bình thường,2024-12-18 14:00:00
1283,28,88,2,Không như kỳ vọng,2025-08-02 17:00:00
1284,38,92,4,Chất lượng tốt,2024-05-30 14:00:00
1285,36,98,4,Khá ngon,2024-09-29 09:00:00
1286,14,4,5,Sẽ quay lại!,2025-10-07 09:00:00
1287,44,38,4,Chất lượng tốt,2025-03-12 09:00:00
1288,22,31,3,Tạm được,2024-11-17 17:00:00
1289,26,39,3,Bình thường,2026-03-06 12:00:00
1290,33,70,4,"Ngon, sẽ quay lại",2026-03-02 12:00:00
1291,49,58,2,Không như kỳ vọng,2024-06-17 15:00:00
1292,39,101,5,Rất hài lòng!,2025-06-10 14:00:00
1293,49,100,5,Sẽ quay lại!,2024-02-26 09:00:00
1294,13,86,5,Xuất sắc!,2024-03-24 18:00:00
1295,34,15,5,Sẽ quay lại!,2024-03-08 14:00:00
1296,41,19,4,Ổn áp,2024-03-23 12:00:00
1297,12,51,5,Sẽ quay lại!,2025-02-21 20:00:00
1298,41,37,2,Không như kỳ vọng,2025-10-19 14:00:00
1299,18,70,3,Bình thường,2024-08-13 18:00:00
1300,39,73,2,Hơi mặn,2025-03-27 15:00:00
1301,9,104,5,Rất hài lòng!,2026-01-01 15:00:00
1302,23,5,4,"Ngon, sẽ quay lại",2025-09-02 10:00:00
1303,41,122,3,Tạm được,2025-05-18 19:00:00
1304,45,18,2,Hơi mặn,2024-06-13 17:00:00
1305,35,68,5,Xuất sắc!,2025-06-20 18:00:00
1306,30,60,1,Không ngon,2024-07-22 11:00:00
1307,46,44,2,Không như kỳ vọng,2024-11-17 13:00:00
1308,30,21,5,Rất hài lòng!,2025-02-14 09:00:00
1309,7,21,5,Sẽ quay lại!,2024-06-17 18:00:00
1310,15,109,5,Tuyệt vời!,2025-01-23 09:00:00
1311,9,120,3,Tạm được,2025-11-16 13:00:00
1312,8,49,4,Chất lượng tốt,2024-12-19 14:00:00
1313,19,79,4,Ổn áp,2025-11-14 16:00:00
1314,38,83,4,"Ngon, sẽ quay lại",2026-01-13 10:00:00
1315,33,12,5,Xuất sắc!,2025-02-09 12:00:00
1316,16,116,4,Chất lượng tốt,2024-10-18 08:00:00
1317,31,28,4,Chất lượng tốt,2024-04-14 14:00:00
1318,32,132,2,Không như kỳ vọng,2026-01-28 20:00:00
1319,11,24,2,Hơi mặn,2024-03-17 08:00:00
1320,12,27,2,Cần cải thiện,2025-08-26 16:00:00
1321,27,44,5,Sẽ quay lại!,2025-06-15 22:00:00
1322,32,113,4,Chất lượng tốt,2026-01-22 21:00:00
1323,35,63,3,Bình thường,2024-08-25 21:00:00
1324,44,82,3,Tạm được,2024-06-30 16:00:00
1325,49,116,5,Xuất sắc!,2024-08-22 17:00:00
1326,35,110,4,Khá ngon,2025-12-20 17:00:00
1327,31,16,4,Khá ngon,2024-05-01 15:00:00
1328,26,38,2,Không như kỳ vọng,2025-05-23 11:00:00
1329,35,37,5,Xuất sắc!,2024-01-03 14:00:00
1330,15,90,4,Ổn áp,2024-06-24 10:00:00
1331,44,94,4,"Ngon, sẽ quay lại",2024-03-29 14:00:00
1332,7,68,3,Tạm được,2025-07-06 15:00:00
1333,34,45,4,"Ngon, sẽ quay lại",2026-01-20 09:00:00
1334,37,102,1,Giá cao quá,2024-05-22 13:00:00
1335,38,69,3,Bình thường,2024-02-10 16:00:00
1336,19,5,4,Chất lượng tốt,2025-09-15 16:00:00
1337,22,9,5,Sẽ quay lại!,2024-02-08 21:00:00
1338,35,111,4,Ổn áp,2024-08-23 18:00:00
1339,9,77,4,Ổn áp,2024-10-25 18:00:00
1340,36,17,3,Ổn nhưng giá hơi cao,2025-09-16 16:00:00
1341,41,130,5,Rất hài lòng!,2024-12-21 15:00:00
1342,3,113,1,Không ngon,2026-02-08 22:00:00
1343,35,103,5,Rất hài lòng!,2024-07-02 11:00:00
1344,50,48,5,Xuất sắc!,2024-07-19 16:00:00
1345,25,20,2,Cần cải thiện,2025-04-07 12:00:00
1346,30,127,5,Sẽ quay lại!,2025-10-04 18:00:00
1347,10,112,4,Khá ngon,2025-01-28 16:00:00
1348,9,82,3,Ổn nhưng giá hơi cao,2024-06-06 21:00:00
1349,3,82,4,"Ngon, sẽ quay lại",2025-05-20 19:00:00
1350,41,61,5,Ngon lắm!,2024-07-09 18:00:00
1351,2,93,5,Rất hài lòng!,2024-10-02 22:00:00
1352,44,117,5,Sẽ quay lại!,2025-09-26 13:00:00
1353,11,72,5,Sẽ quay lại!,2025-11-20 09:00:00
1354,24,69,5,Ngon lắm!,2026-02-03 13:00:00
1355,30,101,5,Tuyệt vời!,2025-06-20 14:00:00
1356,12,64,5,Tuyệt vời!,2025-09-18 12:00:00
1357,18,101,4,Chất lượng tốt,2026-01-27 17:00:00
1358,37,27,2,Hơi mặn,2024-07-18 16:00:00
1359,44,84,4,Chất lượng tốt,2024-09-23 09:00:00
1360,31,46,4,Ổn áp,2024-12-11 19:00:00
1361,26,57,5,Tuyệt vời!,2025-08-12 10:00:00
1362,44,95,5,Xuất sắc!,2025-09-14 20:00:00
1363,36,101,5,Ngon lắm!,2025-05-31 09:00:00
1364,34,68,5,Rất hài lòng!,2025-10-23 15:00:00
1365,2,83,2,Hơi mặn,2025-07-26 13:00:00
1366,17,58,3,Bình thường,2024-10-21 21:00:00
1367,8,132,5,Sẽ quay lại!,2025-10-05 17:00:00
1368,31,124,5,Tuyệt vời!,2024-04-25 22:00:00
1369,46,86,5,Sẽ quay lại!,2025-06-18 21:00:00
1370,24,54,5,Rất hài lòng!,2024-02-08 09:00:00
1371,30,28,5,Ngon lắm!,2024-11-29 12:00:00
1372,14,45,3,Tạm được,2024-07-26 09:00:00
1373,27,122,4,"Ngon, sẽ quay lại",2024-08-07 21:00:00
1374,21,12,5,Xuất sắc!,2025-03-12 15:00:00
1375,10,28,1,Giá cao quá,2024-09-29 21:00:00
1376,50,91,1,Không ngon,2024-03-30 08:00:00
1377,8,122,4,"Ngon, sẽ quay lại",2025-09-22 16:00:00
1378,31,2,4,Ổn áp,2024-05-14 20:00:00
1379,33,90,5,Rất hài lòng!,2024-08-28 21:00:00
1380,22,110,5,Rất hài lòng!,2024-05-20 22:00:00
1381,50,130,5,Rất hài lòng!,2024-11-28 21:00:00
1382,29,72,3,Tạm được,2025-04-05 16:00:00
1383,46,87,2,Cần cải thiện,2024-05-21 15:00:00
1384,43,72,5,Sẽ quay lại!,2026-01-28 22:00:00
1385,28,94,4,Ổn áp,2026-01-20 17:00:00
1386,12,129,3,Bình thường,2025-09-20 12:00:00
1387,8,22,5,Rất hài lòng!,2025-09-21 22:00:00
1388,1,11,1,Không ngon,2024-01-27 10:00:00
1389,41,59,5,Sẽ quay lại!,2024-11-10 13:00:00
1390,16,34,4,"Ngon, sẽ quay lại",2024-08-25 09:00:00
1391,14,2,3,Tạm được,2024-11-20 09:00:00
1392,14,109,5,Sẽ quay lại!,2024-02-04 16:00:00
1393,19,78,3,Tạm được,2025-11-29 09:00:00
1394,25,99,2,Cần cải thiện,2025-06-21 17:00:00
1395,10,128,4,Chất lượng tốt,2026-01-03 15:00:00
1396,29,75,4,Khá ngon,2025-10-14 20:00:00
1397,24,132,5,Tuyệt vời!,2024-01-07 10:00:00
1398,5,56,2,Không như kỳ vọng,2024-10-21 11:00:00
1399,9,49,3,Bình thường,2024-04-18 19:00:00
1400,42,2,5,Ngon lắm!,2025-09-13 10:00:00
1401,48,3,4,"Ngon, sẽ quay lại",2024-03-01 14:00:00
1402,32,41,4,Chất lượng tốt,2025-03-01 12:00:00
1403,2,43,3,Tạm được,2025-04-19 13:00:00
1404,43,117,4,Chất lượng tốt,2025-12-24 09:00:00
1405,30,83,3,Tạm được,2024-12-24 15:00:00
1406,41,69,3,Tạm được,2025-01-06 16:00:00
1407,37,9,5,Ngon lắm!,2024-06-07 21:00:00
1408,50,117,5,Rất hài lòng!,2024-04-02 16:00:00
1409,47,27,2,Hơi mặn,2025-07-21 11:00:00
1410,29,31,5,Rất hài lòng!,2024-07-05 19:00:00
1411,14,51,5,Rất hài lòng!,2025-04-13 18:00:00
1412,37,48,3,Bình thường,2026-01-15 11:00:00
1413,37,55,5,Rất hài lòng!,2024-06-25 10:00:00
1414,28,84,2,Cần cải thiện,2024-04-13 19:00:00
1415,20,61,2,Cần cải thiện,2024-03-18 18:00:00
1416,11,84,4,Ổn áp,2024-08-30 22:00:00
1417,37,53,3,Tạm được,2024-09-07 20:00:00
1418,27,32,4,Khá ngon,2024-11-11 12:00:00
1419,48,127,3,Bình thường,2025-04-19 19:00:00
1420,16,6,5,Sẽ quay lại!,2025-02-06 12:00:00
1421,50,128,5,Sẽ quay lại!,2024-09-16 17:00:00
1422,29,113,3,Bình thường,2024-04-29 10:00:00
1423,5,42,5,Xuất sắc!,2024-06-27 15:00:00
1424,39,120,5,Sẽ quay lại!,2025-11-13 22:00:00
1425,14,126,2,Cần cải thiện,2026-01-06 09:00:00
1426,38,63,2,Không như kỳ vọng,2024-11-30 10:00:00
1427,7,35,5,Ngon lắm!,2025-11-22 20:00:00
1428,4,49,5,Tuyệt vời!,2026-01-13 21:00:00
1429,49,126,5,Sẽ quay lại!,2024-02-15 12:00:00
1430,30,129,3,Ổn nhưng giá hơi cao,2025-12-03 22:00:00
1431,44,54,2,Cần cải thiện,2025-03-24 13:00:00
1432,24,132,3,Tạm được,2025-12-22 22:00:00
1433,26,16,5,Xuất sắc!,2025-10-14 16:00:00
1434,16,100,5,Xuất sắc!,2024-10-11 12:00:00
1435,8,118,3,Bình thường,2025-08-10 13:00:00
1436,47,24,5,Xuất sắc!,2024-06-15 11:00:00
1437,11,90,3,Ổn nhưng giá hơi cao,2025-10-20 17:00:00
1438,31,71,5,Sẽ quay lại!,2024-11-06 11:00:00
1439,13,2,5,Sẽ quay lại!,2025-09-18 21:00:00
1440,14,128,4,"Ngon, sẽ quay lại",2025-04-26 09:00:00
1441,26,13,4,Chất lượng tốt,2024-04-27 10:00:00
1442,11,31,3,Ổn nhưng giá hơi cao,2024-04-28 11:00:00
1443,30,36,2,Không như kỳ vọng,2025-04-16 14:00:00
1444,44,23,5,Xuất sắc!,2026-02-28 19:00:00
1445,9,47,5,Xuất sắc!,2025-02-16 09:00:00
1446,29,35,5,Ngon lắm!,2026-01-08 08:00:00
1447,29,64,4,Chất lượng tốt,2025-06-25 20:00:00
1448,14,10,2,Hơi mặn,2026-02-03 19:00:00
1449,22,54,4,"Ngon, sẽ quay lại",2025-03-17 14:00:00
1450,43,78,4,"Ngon, sẽ quay lại",2025-04-11 18:00:00
1451,7,24,5,Ngon lắm!,2024-10-15 10:00:00
1452,26,36,5,Ngon lắm!,2025-07-25 18:00:00
1453,21,35,2,Không như kỳ vọng,2025-08-13 18:00:00
1454,2,50,4,Ổn áp,2025-01-19 10:00:00
1455,25,17,1,Sẽ không quay lại,2024-12-24 19:00:00
1456,14,89,3,Bình thường,2024-01-02 20:00:00
1457,2,25,3,Bình thường,2025-08-20 15:00:00
1458,18,49,1,Giá cao quá,2024-05-01 10:00:00
1459,35,94,2,Hơi mặn,2025-07-16 13:00:00
1460,2,67,5,Xuất sắc!,2024-05-13 11:00:00
1461,2,37,2,Hơi mặn,2026-03-08 10:00:00
1462,24,42,2,Hơi mặn,2025-03-08 09:00:00
1463,4,43,5,Sẽ quay lại!,2025-05-21 12:00:00
1464,47,22,4,Khá ngon,2025-03-29 19:00:00
1465,27,59,4,Chất lượng tốt,2025-08-27 08:00:00
1466,42,28,5,Ngon lắm!,2024-10-15 16:00:00
1467,44,2,5,Tuyệt vời!,2024-06-11 21:00:00
1468,16,16,3,Bình thường,2024-10-19 08:00:00
1469,26,128,5,Sẽ quay lại!,2025-01-06 22:00:00
1470,24,109,2,Hơi mặn,2025-10-17 15:00:00
1471,38,90,4,Ổn áp,2025-01-14 15:00:00
1472,17,123,5,Xuất sắc!,2024-06-25 11:00:00
1473,28,1,5,Xuất sắc!,2024-09-14 15:00:00
1474,8,132,5,Xuất sắc!,2024-03-01 20:00:00
1475,48,106,5,Sẽ quay lại!,2024-01-28 20:00:00
1476,18,24,5,Rất hài lòng!,2025-04-05 14:00:00
1477,35,4,5,Sẽ quay lại!,2025-06-12 08:00:00
1478,24,115,5,Xuất sắc!,2026-01-14 18:00:00
1479,47,28,5,Ngon lắm!,2024-02-01 21:00:00
1480,13,131,3,Bình thường,2025-04-19 09:00:00
1481,4,119,4,Chất lượng tốt,2024-04-14 11:00:00
1482,19,93,5,Sẽ quay lại!,2024-02-18 21:00:00
1483,13,103,1,Không ngon,2025-05-18 12:00:00
1484,2,112,5,Tuyệt vời!,2024-07-20 08:00:00
1485,23,115,5,Rất hài lòng!,2025-06-24 18:00:00
1486,32,8,3,Bình thường,2025-09-02 12:00:00
1487,13,52,5,Sẽ quay lại!,2024-01-06 13:00:00
1488,17,112,4,Khá ngon,2025-03-26 22:00:00
1489,23,17,4,Chất lượng tốt,2024-06-01 09:00:00
1490,31,5,3,Bình thường,2025-12-17 21:00:00
1491,27,109,5,Xuất sắc!,2024-09-29 14:00:00
1492,38,7,5,Xuất sắc!,2024-12-04 18:00:00
1493,38,125,3,Ổn nhưng giá hơi cao,2024-02-21 15:00:00
1494,2,68,4,Chất lượng tốt,2024-09-15 08:00:00
1495,46,70,4,"Ngon, sẽ quay lại",2025-07-19 09:00:00
1496,5,82,5,Tuyệt vời!,2025-11-14 19:00:00
1497,33,10,5,Sẽ quay lại!,2025-09-17 17:00:00
1498,32,102,5,Sẽ quay lại!,2025-09-04 21:00:00
1499,15,17,4,Chất lượng tốt,2025-05-19 18:00:00
1500,8,107,4,Khá ngon,2025-03-25 18:00:00
