set_id,set_name,price_vnd,source_url,item_order,raw_item_text,item_name_clean,item_role,included_in_mining
SM200_01,Set menu 200.000đ /người (1),200000,https://comnieuvietnam.vn/products/set-menu-200-000d-nguoi-1,1,CẢI THÌA XÀO DẦU HÀO,Cải thìa xào dầu hào,core,1
SM200_01,Set menu 200.000đ /người (1),200000,https://comnieuvietnam.vn/products/set-menu-200-000d-nguoi-1,2,GÀ RANG GỪNG,Gà rang gừng,core,1
SM200_01,Set menu 200.000đ /người (1),200000,https://comnieuvietnam.vn/products/set-menu-200-000d-nguoi-1,3,CÁ BỐNG KHO TỘ,Cá bống kho tộ,core,1
SM200_01,Set menu 200.000đ /người (1),200000,https://comnieuvietnam.vn/products/set-menu-200-000d-nguoi-1,4,TÔM RIM THỊT,Tôm rim thịt,core,1
SM200_01,Set menu 200.000đ /người (1),200000,https://comnieuvietnam.vn/products/set-menu-200-000d-nguoi-1,5,MỰC CHIÊN NƯỚC MẮM,Mực chiên nước mắm,core,1
SM200_01,Set menu 200.000đ /người (1),200000,https://comnieuvietnam.vn/products/set-menu-200-000d-nguoi-1,6,CANH CUA CÀ PHÁO,Canh cua cà pháo,core,1
SM200_01,Set menu 200.000đ /người (1),200000,https://comnieuvietnam.vn/products/set-menu-200-000d-nguoi-1,7,CƠM NIÊU,Cơm niêu,common,0
SM200_01,Set menu 200.000đ /người (1),200000,https://comnieuvietnam.vn/products/set-menu-200-000d-nguoi-1,8,TRÁI CÂY + KHĂN LẠNH + TRÀ ĐÁ,Trái cây,service,0
SM200_01,Set menu 200.000đ /người (1),200000,https://comnieuvietnam.vn/products/set-menu-200-000d-nguoi-1,8,TRÁI CÂY + KHĂN LẠNH + TRÀ ĐÁ,Khăn lạnh,service,0
SM200_01,Set menu 200.000đ /người (1),200000,https://comnieuvietnam.vn/products/set-menu-200-000d-nguoi-1,8,TRÁI CÂY + KHĂN LẠNH + TRÀ ĐÁ,Trà đá,service,0
SM200_02,Set menu 200.000đ /người (2),200000,https://comnieuvietnam.vn/products/set-menu-200-000d-nguoi-2,1,ĐẬU QUE XÀO LÒNG GÀ,Đậu que xào lòng gà,core,1
SM200_02,Set menu 200.000đ /người (2),200000,https://comnieuvietnam.vn/products/set-menu-200-000d-nguoi-2,2,VỊT KHO GỪNG,Vịt kho gừng,core,1
SM200_02,Set menu 200.000đ /người (2),200000,https://comnieuvietnam.vn/products/set-menu-200-000d-nguoi-2,3,CÁ NGỪ ĐD KHO THƠM,Cá ngừ đại dương kho thơm,core,1
SM200_02,Set menu 200.000đ /người (2),200000,https://comnieuvietnam.vn/products/set-menu-200-000d-nguoi-2,4,THỊT KHO TRỨNG,Thịt kho trứng,core,1
SM200_02,Set menu 200.000đ /người (2),200000,https://comnieuvietnam.vn/products/set-menu-200-000d-nguoi-2,5,TÔM RANG MUỐI,Tôm rang muối,core,1
SM200_02,Set menu 200.000đ /người (2),200000,https://comnieuvietnam.vn/products/set-menu-200-000d-nguoi-2,6,CANH THÁT LÁT KHỔ QUA,Canh thát lát khổ qua,core,1
SM200_02,Set menu 200.000đ /người (2),200000,https://comnieuvietnam.vn/products/set-menu-200-000d-nguoi-2,7,CƠM NIÊU,Cơm niêu,common,0
SM200_02,Set menu 200.000đ /người (2),200000,https://comnieuvietnam.vn/products/set-menu-200-000d-nguoi-2,8,TRÁI CÂY+KHĂN LẠNH+ TRÀ ĐÁ,Trái cây,service,0
SM200_02,Set menu 200.000đ /người (2),200000,https://comnieuvietnam.vn/products/set-menu-200-000d-nguoi-2,8,TRÁI CÂY+KHĂN LẠNH+ TRÀ ĐÁ,Khăn lạnh,service,0
SM200_02,Set menu 200.000đ /người (2),200000,https://comnieuvietnam.vn/products/set-menu-200-000d-nguoi-2,8,TRÁI CÂY+KHĂN LẠNH+ TRÀ ĐÁ,Trà đá,service,0
SM200_03,Set menu 200.000đ /người (3),200000,https://comnieuvietnam.vn/products/set-menu-200-000d-nguoi-3,1,RAU LUỘC THẬP CẨM KHO QUẸT,Rau luộc thập cẩm kho quẹt,core,1
SM200_03,Set menu 200.000đ /người (3),200000,https://comnieuvietnam.vn/products/set-menu-200-000d-nguoi-3,2,GÀ CHIÊN NƯỚC MẮM,Gà chiên nước mắm,core,1
SM200_03,Set menu 200.000đ /người (3),200000,https://comnieuvietnam.vn/products/set-menu-200-000d-nguoi-3,3,TÔM CHÁY TỎI,Tôm cháy tỏi,core,1
SM200_03,Set menu 200.000đ /người (3),200000,https://comnieuvietnam.vn/products/set-menu-200-000d-nguoi-3,4,THỊT KHO CỦ CẢI TRẮNG,Thịt kho củ cải trắng,core,1
SM200_03,Set menu 200.000đ /người (3),200000,https://comnieuvietnam.vn/products/set-menu-200-000d-nguoi-3,5,CÁ NGỪ ĐAI DƯƠNG SỐT CÀ,Cá ngừ đại dương sốt cà,core,1
SM200_03,Set menu 200.000đ /người (3),200000,https://comnieuvietnam.vn/products/set-menu-200-000d-nguoi-3,6,CANH CÁ NẤU RIÊU,Canh cá nấu riêu,core,1
SM200_03,Set menu 200.000đ /người (3),200000,https://comnieuvietnam.vn/products/set-menu-200-000d-nguoi-3,7,CƠM NIÊU,Cơm niêu,common,0
SM200_03,Set menu 200.000đ /người (3),200000,https://comnieuvietnam.vn/products/set-menu-200-000d-nguoi-3,8,TRÁI CÂY + KHĂN LẠNH + TRÀ ĐÁ,Trái cây,service,0
SM200_03,Set menu 200.000đ /người (3),200000,https://comnieuvietnam.vn/products/set-menu-200-000d-nguoi-3,8,TRÁI CÂY + KHĂN LẠNH + TRÀ ĐÁ,Khăn lạnh,service,0
SM200_03,Set menu 200.000đ /người (3),200000,https://comnieuvietnam.vn/products/set-menu-200-000d-nguoi-3,8,TRÁI CÂY + KHĂN LẠNH + TRÀ ĐÁ,Trà đá,service,0
SM250_01,Set menu 250.000đ /người (1),250000,https://comnieuvietnam.vn/products/set-menu-250-000d-nguoi-1,1,GÂN BÒ XÀO CẢI CHUA,Gân bò xào cải chua,core,1
SM250_01,Set menu 250.000đ /người (1),250000,https://comnieuvietnam.vn/products/set-menu-250-000d-nguoi-1,2,GÀ HẤP MẮM NHĨ,Gà hấp mắm nhĩ,core,1
SM250_01,Set menu 250.000đ /người (1),250000,https://comnieuvietnam.vn/products/set-menu-250-000d-nguoi-1,3,BÒ SỐT NẤM,Bò sốt nấm,core,1
SM250_01,Set menu 250.000đ /người (1),250000,https://comnieuvietnam.vn/products/set-menu-250-000d-nguoi-1,4,CÁ DỨA KHO TỘ,Cá dứa kho tộ,core,1
SM250_01,Set menu 250.000đ /người (1),250000,https://comnieuvietnam.vn/products/set-menu-250-000d-nguoi-1,5,TÔM RANG MUỐI,Tôm rang muối,core,1
SM250_01,Set menu 250.000đ /người (1),250000,https://comnieuvietnam.vn/products/set-menu-250-000d-nguoi-1,6,CANH CHUA CÁ BÓP,Canh chua cá bóp,core,1
SM250_01,Set menu 250.000đ /người (1),250000,https://comnieuvietnam.vn/products/set-menu-250-000d-nguoi-1,7,CƠM NIÊU,Cơm niêu,common,0
SM250_01,Set menu 250.000đ /người (1),250000,https://comnieuvietnam.vn/products/set-menu-250-000d-nguoi-1,8,TRÁI CÂY + KHĂN LẠNH + TRÀ ĐÁ,Trái cây,service,0
SM250_01,Set menu 250.000đ /người (1),250000,https://comnieuvietnam.vn/products/set-menu-250-000d-nguoi-1,8,TRÁI CÂY + KHĂN LẠNH + TRÀ ĐÁ,Khăn lạnh,service,0
SM250_01,Set menu 250.000đ /người (1),250000,https://comnieuvietnam.vn/products/set-menu-250-000d-nguoi-1,8,TRÁI CÂY + KHĂN LẠNH + TRÀ ĐÁ,Trà đá,service,0
SM250_02,Set menu 250.000đ /người (2),250000,https://comnieuvietnam.vn/products/set-menu-250-000d-nguoi-2,1,ĐẬU QUE XÀO BÒ,Đậu que xào bò,core,1
SM250_02,Set menu 250.000đ /người (2),250000,https://comnieuvietnam.vn/products/set-menu-250-000d-nguoi-2,2,GÀ CHIÊN NƯỚC MẮM,Gà chiên nước mắm,core,1
SM250_02,Set menu 250.000đ /người (2),250000,https://comnieuvietnam.vn/products/set-menu-250-000d-nguoi-2,3,GIÒ HEO NẤU GIẢ CẦY,Giò heo nấu giả cầy,core,1
SM250_02,Set menu 250.000đ /người (2),250000,https://comnieuvietnam.vn/products/set-menu-250-000d-nguoi-2,4,CÁ THU SỐT CÀ CHUA,Cá thu sốt cà chua,core,1
SM250_02,Set menu 250.000đ /người (2),250000,https://comnieuvietnam.vn/products/set-menu-250-000d-nguoi-2,5,TÔM CHÁY TỎI,Tôm cháy tỏi,core,1
SM250_02,Set menu 250.000đ /người (2),250000,https://comnieuvietnam.vn/products/set-menu-250-000d-nguoi-2,6,CANH CHUA CÁ DỨA,Canh chua cá dứa,core,1
SM250_02,Set menu 250.000đ /người (2),250000,https://comnieuvietnam.vn/products/set-menu-250-000d-nguoi-2,7,CƠM NIÊU,Cơm niêu,common,0
SM250_02,Set menu 250.000đ /người (2),250000,https://comnieuvietnam.vn/products/set-menu-250-000d-nguoi-2,8,TRÁI CÂY + KHĂN LẠNH + TRÀ ĐÁ,Trái cây,service,0
SM250_02,Set menu 250.000đ /người (2),250000,https://comnieuvietnam.vn/products/set-menu-250-000d-nguoi-2,8,TRÁI CÂY + KHĂN LẠNH + TRÀ ĐÁ,Khăn lạnh,service,0
SM250_02,Set menu 250.000đ /người (2),250000,https://comnieuvietnam.vn/products/set-menu-250-000d-nguoi-2,8,TRÁI CÂY + KHĂN LẠNH + TRÀ ĐÁ,Trà đá,service,0
SM250_03,Set menu 250.000đ /người (3),250000,https://comnieuvietnam.vn/products/set-menu-250-000d-nguoi-3,1,RAU RỪNG GIA LAI XÀO BÒ,Rau rừng gia lai xào bò,core,1
SM250_03,Set menu 250.000đ /người (3),250000,https://comnieuvietnam.vn/products/set-menu-250-000d-nguoi-3,2,GÀ KHO XẢ ỚT,Gà kho sả ớt,core,1
SM250_03,Set menu 250.000đ /người (3),250000,https://comnieuvietnam.vn/products/set-menu-250-000d-nguoi-3,3,THỊT RANG CHÁY CẠNH,Thịt rang cháy cạnh,core,1
SM250_03,Set menu 250.000đ /người (3),250000,https://comnieuvietnam.vn/products/set-menu-250-000d-nguoi-3,4,CÁ CHIM HẤP HONG KONG,Cá chim hấp hong kong,core,1
SM250_03,Set menu 250.000đ /người (3),250000,https://comnieuvietnam.vn/products/set-menu-250-000d-nguoi-3,5,TÔM CHIÊN NƯỚC MẮM,Tôm chiên nước mắm,core,1
SM250_03,Set menu 250.000đ /người (3),250000,https://comnieuvietnam.vn/products/set-menu-250-000d-nguoi-3,6,CANH HẾN (DẮT) MỒNG TƠI,Canh hến (dắt) mồng tơi,core,1
SM250_03,Set menu 250.000đ /người (3),250000,https://comnieuvietnam.vn/products/set-menu-250-000d-nguoi-3,7,CƠM NIÊU,Cơm niêu,common,0
SM250_03,Set menu 250.000đ /người (3),250000,https://comnieuvietnam.vn/products/set-menu-250-000d-nguoi-3,8,TRÁI CÂY + KHĂN LẠNH + TRÀ ĐÁ,Trái cây,service,0
SM250_03,Set menu 250.000đ /người (3),250000,https://comnieuvietnam.vn/products/set-menu-250-000d-nguoi-3,8,TRÁI CÂY + KHĂN LẠNH + TRÀ ĐÁ,Khăn lạnh,service,0
SM250_03,Set menu 250.000đ /người (3),250000,https://comnieuvietnam.vn/products/set-menu-250-000d-nguoi-3,8,TRÁI CÂY + KHĂN LẠNH + TRÀ ĐÁ,Trà đá,service,0
SM300_01,Set menu 300.000đ /người (1),300000,https://comnieuvietnam.vn/products/set-menu-300-000d-nguoi-1,1,GỎI BÒ ĐỒNG QUÊ,Gỏi bò đồng quê,core,1
SM300_01,Set menu 300.000đ /người (1),300000,https://comnieuvietnam.vn/products/set-menu-300-000d-nguoi-1,2,GÀ HẤP CẢI XANH,Gà hấp cải xanh,core,1
SM300_01,Set menu 300.000đ /người (1),300000,https://comnieuvietnam.vn/products/set-menu-300-000d-nguoi-1,3,CÁ BỐNG MÚ CHƯNG TƯƠNG,Cá bống mú chưng tương,core,1
SM300_01,Set menu 300.000đ /người (1),300000,https://comnieuvietnam.vn/products/set-menu-300-000d-nguoi-1,4,BÒ SỐT TIÊU ĐEN,Bò sốt tiêu đen,core,1
SM300_01,Set menu 300.000đ /người (1),300000,https://comnieuvietnam.vn/products/set-menu-300-000d-nguoi-1,5,TÔM CÀNG CHÁY BƠ TỎI,Tôm càng cháy bơ tỏi,core,1
SM300_01,Set menu 300.000đ /người (1),300000,https://comnieuvietnam.vn/products/set-menu-300-000d-nguoi-1,6,LẨU VỊT OM SẤU,Lẩu vịt om sấu,core,1
SM300_01,Set menu 300.000đ /người (1),300000,https://comnieuvietnam.vn/products/set-menu-300-000d-nguoi-1,7,CƠM NIÊU,Cơm niêu,common,0
SM300_01,Set menu 300.000đ /người (1),300000,https://comnieuvietnam.vn/products/set-menu-300-000d-nguoi-1,8,TRÁI CÂY + KHĂN LẠNH + TRÀ ĐÁ,Trái cây,service,0
SM300_01,Set menu 300.000đ /người (1),300000,https://comnieuvietnam.vn/products/set-menu-300-000d-nguoi-1,8,TRÁI CÂY + KHĂN LẠNH + TRÀ ĐÁ,Khăn lạnh,service,0
SM300_01,Set menu 300.000đ /người (1),300000,https://comnieuvietnam.vn/products/set-menu-300-000d-nguoi-1,8,TRÁI CÂY + KHĂN LẠNH + TRÀ ĐÁ,Trà đá,service,0
SM300_02,Set menu 300.000đ /người (2),300000,https://comnieuvietnam.vn/products/set-menu-300-000d-nguoi-2,1,GỎI THÁI HẢI SẢN,Gỏi thái hải sản,core,1
SM300_02,Set menu 300.000đ /người (2),300000,https://comnieuvietnam.vn/products/set-menu-300-000d-nguoi-2,2,GÀ HẤP MẮM NHĨ,Gà hấp mắm nhĩ,core,1
SM300_02,Set menu 300.000đ /người (2),300000,https://comnieuvietnam.vn/products/set-menu-300-000d-nguoi-2,3,CÁ KHO LÀNG VŨ ĐẠI,Cá kho làng vũ đại,core,1
SM300_02,Set menu 300.000đ /người (2),300000,https://comnieuvietnam.vn/products/set-menu-300-000d-nguoi-2,4,BẮP BÒ NGÂM NƯỚC MẮM,Bắp bò ngâm nước mắm,core,1
SM300_02,Set menu 300.000đ /người (2),300000,https://comnieuvietnam.vn/products/set-menu-300-000d-nguoi-2,5,TÔM CÀNG XANH RANG MUỐI,Tôm càng xanh rang muối,core,1
SM300_02,Set menu 300.000đ /người (2),300000,https://comnieuvietnam.vn/products/set-menu-300-000d-nguoi-2,6,LẨU NGÓT CÁ CHIM,Lẩu ngót cá chim,core,1
SM300_02,Set menu 300.000đ /người (2),300000,https://comnieuvietnam.vn/products/set-menu-300-000d-nguoi-2,7,CƠM NIÊU,Cơm niêu,common,0
SM300_02,Set menu 300.000đ /người (2),300000,https://comnieuvietnam.vn/products/set-menu-300-000d-nguoi-2,8,TRÁI CÂY + KHĂN LẠNH + TRÀ ĐÁ,Trái cây,service,0
SM300_02,Set menu 300.000đ /người (2),300000,https://comnieuvietnam.vn/products/set-menu-300-000d-nguoi-2,8,TRÁI CÂY + KHĂN LẠNH + TRÀ ĐÁ,Khăn lạnh,service,0
SM300_02,Set menu 300.000đ /người (2),300000,https://comnieuvietnam.vn/products/set-menu-300-000d-nguoi-2,8,TRÁI CÂY + KHĂN LẠNH + TRÀ ĐÁ,Trà đá,service,0
SM300_03,Set menu 300.000đ /người (3),300000,https://comnieuvietnam.vn/products/set-menu-300-000d-nguoi-3,1,SALAD CẢI MẦM BÒ,Salad cải mầm bò,core,1
SM300_03,Set menu 300.000đ /người (3),300000,https://comnieuvietnam.vn/products/set-menu-300-000d-nguoi-3,2,GÀ HẤP MÍA,Gà hấp mía,core,1
SM300_03,Set menu 300.000đ /người (3),300000,https://comnieuvietnam.vn/products/set-menu-300-000d-nguoi-3,3,CÁ NGỪ ĐD LÚC LẮC,Cá ngừ đại dương lúc lắc,core,1
SM300_03,Set menu 300.000đ /người (3),300000,https://comnieuvietnam.vn/products/set-menu-300-000d-nguoi-3,4,TÔM CÀNG HẤP BIA,Tôm càng hấp bia,core,1
SM300_03,Set menu 300.000đ /người (3),300000,https://comnieuvietnam.vn/products/set-menu-300-000d-nguoi-3,5,MỰC 1 NẮNG CHIÊN NƯỚC MẮM,Mực 1 nắng chiên nước mắm,core,1
SM300_03,Set menu 300.000đ /người (3),300000,https://comnieuvietnam.vn/products/set-menu-300-000d-nguoi-3,6,LẨU RIÊU CUA SƯỜN SUN,Lẩu riêu cua sườn sun,core,1
SM300_03,Set menu 300.000đ /người (3),300000,https://comnieuvietnam.vn/products/set-menu-300-000d-nguoi-3,7,CƠM NIÊU,Cơm niêu,common,0
SM300_03,Set menu 300.000đ /người (3),300000,https://comnieuvietnam.vn/products/set-menu-300-000d-nguoi-3,8,TRÁI CÂY + KHĂN LẠNH + TRÀ ĐÁ,Trái cây,service,0
SM300_03,Set menu 300.000đ /người (3),300000,https://comnieuvietnam.vn/products/set-menu-300-000d-nguoi-3,8,TRÁI CÂY + KHĂN LẠNH + TRÀ ĐÁ,Khăn lạnh,service,0
SM300_03,Set menu 300.000đ /người (3),300000,https://comnieuvietnam.vn/products/set-menu-300-000d-nguoi-3,8,TRÁI CÂY + KHĂN LẠNH + TRÀ ĐÁ,Trà đá,service,0
SM350_01,Set menu 350.000đ /người (1),350000,https://comnieuvietnam.vn/products/set-menu-350-000d-nguoi-1,1,GỎI TIẾN VUA TÔM THỊT,Gỏi tiến vua tôm thịt,core,1
SM350_01,Set menu 350.000đ /người (1),350000,https://comnieuvietnam.vn/products/set-menu-350-000d-nguoi-1,2,GÀ HẤP MẮM NHĨ,Gà hấp mắm nhĩ,core,1
SM350_01,Set menu 350.000đ /người (1),350000,https://comnieuvietnam.vn/products/set-menu-350-000d-nguoi-1,3,BẮP BÒ NGÂM NƯỚC MẮM,Bắp bò ngâm nước mắm,core,1
SM350_01,Set menu 350.000đ /người (1),350000,https://comnieuvietnam.vn/products/set-menu-350-000d-nguoi-1,4,CÁ KHO LÀNG VŨ ĐẠI,Cá kho làng vũ đại,core,1
SM350_01,Set menu 350.000đ /người (1),350000,https://comnieuvietnam.vn/products/set-menu-350-000d-nguoi-1,5,TÔM CÀNG HẤP NƯỚC DỪA,Tôm càng hấp nước dừa,core,1
SM350_01,Set menu 350.000đ /người (1),350000,https://comnieuvietnam.vn/products/set-menu-350-000d-nguoi-1,6,LẨU CUA NẤU BẦU,Lẩu cua nấu bầu,core,1
SM350_01,Set menu 350.000đ /người (1),350000,https://comnieuvietnam.vn/products/set-menu-350-000d-nguoi-1,7,CƠM NIÊU,Cơm niêu,common,0
SM350_01,Set menu 350.000đ /người (1),350000,https://comnieuvietnam.vn/products/set-menu-350-000d-nguoi-1,8,TRÁI CÂY + KHĂN LẠNH + TRÀ ĐÁ,Trái cây,service,0
SM350_01,Set menu 350.000đ /người (1),350000,https://comnieuvietnam.vn/products/set-menu-350-000d-nguoi-1,8,TRÁI CÂY + KHĂN LẠNH + TRÀ ĐÁ,Khăn lạnh,service,0
SM350_01,Set menu 350.000đ /người (1),350000,https://comnieuvietnam.vn/products/set-menu-350-000d-nguoi-1,8,TRÁI CÂY + KHĂN LẠNH + TRÀ ĐÁ,Trà đá,service,0
SM350_02,Set menu 350.000đ /người (2),350000,https://comnieuvietnam.vn/products/set-menu-350-000d-nguoi-3,1,GÂN BÒ XÀO CẢI CHUA,Gân bò xào cải chua,core,1
SM350_02,Set menu 350.000đ /người (2),350000,https://comnieuvietnam.vn/products/set-menu-350-000d-nguoi-3,2,CHẢ MỰC HẠ LONG,Chả mực hạ long,core,1
SM350_02,Set menu 350.000đ /người (2),350000,https://comnieuvietnam.vn/products/set-menu-350-000d-nguoi-3,3,CÁ KHO LÀNG VŨ ĐẠI,Cá kho làng vũ đại,core,1
SM350_02,Set menu 350.000đ /người (2),350000,https://comnieuvietnam.vn/products/set-menu-350-000d-nguoi-3,4,GÀ SỐT NẤM ĐÔNG CÔ,Gà sốt nấm đông cô,core,1
SM350_02,Set menu 350.000đ /người (2),350000,https://comnieuvietnam.vn/products/set-menu-350-000d-nguoi-3,5,NEM GHẸ PHÚ QUÔC,Nem ghẹ phú quốc,core,1
SM350_02,Set menu 350.000đ /người (2),350000,https://comnieuvietnam.vn/products/set-menu-350-000d-nguoi-3,6,LẨU VỊT OM SẤU,Lẩu vịt om sấu,core,1
SM350_02,Set menu 350.000đ /người (2),350000,https://comnieuvietnam.vn/products/set-menu-350-000d-nguoi-3,7,CƠM NIÊU,Cơm niêu,common,0
SM350_02,Set menu 350.000đ /người (2),350000,https://comnieuvietnam.vn/products/set-menu-350-000d-nguoi-3,8,TRÁI CÂY + KHĂN LẠNH + TRÀ ĐÁ,Trái cây,service,0
SM350_02,Set menu 350.000đ /người (2),350000,https://comnieuvietnam.vn/products/set-menu-350-000d-nguoi-3,8,TRÁI CÂY + KHĂN LẠNH + TRÀ ĐÁ,Khăn lạnh,service,0
SM350_02,Set menu 350.000đ /người (2),350000,https://comnieuvietnam.vn/products/set-menu-350-000d-nguoi-3,8,TRÁI CÂY + KHĂN LẠNH + TRÀ ĐÁ,Trà đá,service,0
SM450_01,Set menu 450.000đ /người,450000,https://comnieuvietnam.vn/products/set-menu-450-000d-nguoi,1,GÂN BÒ XÀO CẢI CHUA,Gân bò xào cải chua,core,1
SM450_01,Set menu 450.000đ /người,450000,https://comnieuvietnam.vn/products/set-menu-450-000d-nguoi,2,GÀ XÀO XẢ ỚT,Gà xào sả ớt,core,1
SM450_01,Set menu 450.000đ /người,450000,https://comnieuvietnam.vn/products/set-menu-450-000d-nguoi,3,CÁ BỐNG MÚ CHƯNG TƯƠNG,Cá bống mú chưng tương,core,1
SM450_01,Set menu 450.000đ /người,450000,https://comnieuvietnam.vn/products/set-menu-450-000d-nguoi,4,TÔM CÀNG RANG MUỐI,Tôm càng rang muối,core,1
SM450_01,Set menu 450.000đ /người,450000,https://comnieuvietnam.vn/products/set-menu-450-000d-nguoi,5,NEM RÁN THỊT GHẸ,Nem rán thịt ghẹ,core,1
SM450_01,Set menu 450.000đ /người,450000,https://comnieuvietnam.vn/products/set-menu-450-000d-nguoi,6,MĂNG XÀO THỊT BA RỌI,Măng xào thịt ba rọi,core,1
SM450_01,Set menu 450.000đ /người,450000,https://comnieuvietnam.vn/products/set-menu-450-000d-nguoi,7,MỰC 1 NẮNG CHIÊN NƯỚC MẮM,Mực 1 nắng chiên nước mắm,core,1
SM450_01,Set menu 450.000đ /người,450000,https://comnieuvietnam.vn/products/set-menu-450-000d-nguoi,8,LẨU RIÊU CÁ CHÉP GIÒN,Lẩu riêu cá chép giòn,core,1
SM450_01,Set menu 450.000đ /người,450000,https://comnieuvietnam.vn/products/set-menu-450-000d-nguoi,9,CƠM NIÊU,Cơm niêu,common,0
SM450_01,Set menu 450.000đ /người,450000,https://comnieuvietnam.vn/products/set-menu-450-000d-nguoi,10,TRÁI CÂY + KHĂN LẠNH + TRÀ ĐÁ,Trái cây,service,0
SM450_01,Set menu 450.000đ /người,450000,https://comnieuvietnam.vn/products/set-menu-450-000d-nguoi,10,TRÁI CÂY + KHĂN LẠNH + TRÀ ĐÁ,Khăn lạnh,service,0
SM450_01,Set menu 450.000đ /người,450000,https://comnieuvietnam.vn/products/set-menu-450-000d-nguoi,10,TRÁI CÂY + KHĂN LẠNH + TRÀ ĐÁ,Trà đá,service,0
