set_id,set_name,price_vnd,source_url,item_order,raw_item_text
SM200_01,"Set menu 200.000đ /người (1)",200000,https://comnieuvietnam.vn/products/set-menu-200-000d-nguoi-1,1,"CẢI THÌA XÀO DẦU HÀO"
SM200_01,"Set menu 200.000đ /người (1)",200000,https://comnieuvietnam.vn/products/set-menu-200-000d-nguoi-1,2,"GÀ RANG GỪNG"
SM200_01,"Set menu 200.000đ /người (1)",200000,https://comnieuvietnam.vn/products/set-menu-200-000d-nguoi-1,3,"CÁ BỐNG KHO TỘ"
SM200_01,"Set menu 200.000đ /người (1)",200000,https://comnieuvietnam.vn/products/set-menu-200-000d-nguoi-1,4,"TÔM RIM THỊT"
SM200_01,"Set menu 200.000đ /người (1)",200000,https://comnieuvietnam.vn/products/set-menu-200-000d-nguoi-1,5,"MỰC CHIÊN NƯỚC MẮM"
SM200_01,"Set menu 200.000đ /người (1)",200000,https://comnieuvietnam.vn/products/set-menu-200-000d-nguoi-1,6,"CANH CUA CÀ PHÁO"
SM200_01,"Set menu 200.000đ /người (1)",200000,https://comnieuvietnam.vn/products/set-menu-200-000d-nguoi-1,7,"CƠM NIÊU"
SM200_01,"Set menu 200.000đ /người (1)",200000,https://comnieuvietnam.vn/products/set-menu-200-000d-nguoi-1,8,"TRÁI CÂY + KHĂN LẠNH + TRÀ ĐÁ"
SM200_02,"Set menu 200.000đ /người (2)",200000,https://comnieuvietnam.vn/products/set-menu-200-000d-nguoi-2,1,"ĐẬU QUE XÀO LÒNG GÀ"
SM200_02,"Set menu 200.000đ /người (2)",200000,https://comnieuvietnam.vn/products/set-menu-200-000d-nguoi-2,2,"VỊT KHO GỪNG"
SM200_02,"Set menu 200.000đ /người (2)",200000,https://comnieuvietnam.vn/products/set-menu-200-000d-nguoi-2,3,"CÁ NGỪ ĐD KHO THƠM"
SM200_02,"Set menu 200.000đ /người (2)",200000,https://comnieuvietnam.vn/products/set-menu-200-000d-nguoi-2,4,"THỊT KHO TRỨNG"
SM200_02,"Set menu 200.000đ /người (2)",200000,https://comnieuvietnam.vn/products/set-menu-200-000d-nguoi-2,5,"TÔM RANG MUỐI"
SM200_02,"Set menu 200.000đ /người (2)",200000,https://comnieuvietnam.vn/products/set-menu-200-000d-nguoi-2,6,"CANH THÁT LÁT KHỔ QUA"
SM200_02,"Set menu 200.000đ /người (2)",200000,https://comnieuvietnam.vn/products/set-menu-200-000d-nguoi-2,7,"CƠM NIÊU"
SM200_02,"Set menu 200.000đ /người (2)",200000,https://comnieuvietnam.vn/products/set-menu-200-000d-nguoi-2,8,"TRÁI CÂY+KHĂN LẠNH+ TRÀ ĐÁ"
SM200_03,"Set menu 200.000đ /người (3)",200000,https://comnieuvietnam.vn/products/set-menu-200-000d-nguoi-3,1,"RAU LUỘC THẬP CẨM KHO QUẸT"
SM200_03,"Set menu 200.000đ /người (3)",200000,https://comnieuvietnam.vn/products/set-menu-200-000d-nguoi-3,2,"GÀ CHIÊN NƯỚC MẮM"
SM200_03,"Set menu 200.000đ /người (3)",200000,https://comnieuvietnam.vn/products/set-menu-200-000d-nguoi-3,3,"TÔM CHÁY TỎI"
SM200_03,"Set menu 200.000đ /người (3)",200000,https://comnieuvietnam.vn/products/set-menu-200-000d-nguoi-3,4,"THỊT KHO CỦ CẢI TRẮNG"
SM200_03,"Set menu 200.000đ /người (3)",200000,https://comnieuvietnam.vn/products/set-menu-200-000d-nguoi-3,5,"CÁ NGỪ ĐAI DƯƠNG SỐT CÀ"
SM200_03,"Set menu 200.000đ /người (3)",200000,https://comnieuvietnam.vn/products/set-menu-200-000d-nguoi-3,6,"CANH CÁ NẤU RIÊU"
SM200_03,"Set menu 200.000đ /người (3)",200000,https://comnieuvietnam.vn/products/set-menu-200-000d-nguoi-3,7,"CƠM NIÊU"
SM200_03,"Set menu 200.000đ /người (3)",200000,https://comnieuvietnam.vn/products/set-menu-200-000d-nguoi-3,8,"TRÁI CÂY + KHĂN LẠNH + TRÀ ĐÁ"
SM250_01,"Set menu 250.000đ /người (1)",250000,https://comnieuvietnam.vn/products/set-menu-250-000d-nguoi-1,1,"GÂN BÒ XÀO CẢI CHUA"
SM250_01,"Set menu 250.000đ /người (1)",250000,https://comnieuvietnam.vn/products/set-menu-250-000d-nguoi-1,2,"GÀ HẤP MẮM NHĨ"
SM250_01,"Set menu 250.000đ /người (1)",250000,https://comnieuvietnam.vn/products/set-menu-250-000d-nguoi-1,3,"BÒ SỐT NẤM"
SM250_01,"Set menu 250.000đ /người (1)",250000,https://comnieuvietnam.vn/products/set-menu-250-000d-nguoi-1,4,"CÁ DỨA KHO TỘ"
SM250_01,"Set menu 250.000đ /người (1)",250000,https://comnieuvietnam.vn/products/set-menu-250-000d-nguoi-1,5,"TÔM RANG MUỐI"
SM250_01,"Set menu 250.000đ /người (1)",250000,https://comnieuvietnam.vn/products/set-menu-250-000d-nguoi-1,6,"CANH CHUA CÁ BÓP"
SM250_01,"Set menu 250.000đ /người (1)",250000,https://comnieuvietnam.vn/products/set-menu-250-000d-nguoi-1,7,"CƠM NIÊU"
SM250_01,"Set menu 250.000đ /người (1)",250000,https://comnieuvietnam.vn/products/set-menu-250-000d-nguoi-1,8,"TRÁI CÂY + KHĂN LẠNH + TRÀ ĐÁ"
SM250_02,"Set menu 250.000đ /người (2)",250000,https://comnieuvietnam.vn/products/set-menu-250-000d-nguoi-2,1,"ĐẬU QUE XÀO BÒ"
SM250_02,"Set menu 250.000đ /người (2)",250000,https://comnieuvietnam.vn/products/set-menu-250-000d-nguoi-2,2,"GÀ CHIÊN NƯỚC MẮM"
SM250_02,"Set menu 250.000đ /người (2)",250000,https://comnieuvietnam.vn/products/set-menu-250-000d-nguoi-2,3,"GIÒ HEO NẤU GIẢ CẦY"
SM250_02,"Set menu 250.000đ /người (2)",250000,https://comnieuvietnam.vn/products/set-menu-250-000d-nguoi-2,4,"CÁ THU SỐT CÀ CHUA"
SM250_02,"Set menu 250.000đ /người (2)",250000,https://comnieuvietnam.vn/products/set-menu-250-000d-nguoi-2,5,"TÔM CHÁY TỎI"
SM250_02,"Set menu 250.000đ /người (2)",250000,https://comnieuvietnam.vn/products/set-menu-250-000d-nguoi-2,6,"CANH CHUA CÁ DỨA"
SM250_02,"Set menu 250.000đ /người (2)",250000,https://comnieuvietnam.vn/products/set-menu-250-000d-nguoi-2,7,"CƠM NIÊU"
SM250_02,"Set menu 250.000đ /người (2)",250000,https://comnieuvietnam.vn/products/set-menu-250-000d-nguoi-2,8,"TRÁI CÂY + KHĂN LẠNH + TRÀ ĐÁ"
SM250_03,"Set menu 250.000đ /người (3)",250000,https://comnieuvietnam.vn/products/set-menu-250-000d-nguoi-3,1,"RAU RỪNG GIA LAI XÀO BÒ"
SM250_03,"Set menu 250.000đ /người (3)",250000,https://comnieuvietnam.vn/products/set-menu-250-000d-nguoi-3,2,"GÀ KHO XẢ ỚT"
SM250_03,"Set menu 250.000đ /người (3)",250000,https://comnieuvietnam.vn/products/set-menu-250-000d-nguoi-3,3,"THỊT RANG CHÁY CẠNH"
SM250_03,"Set menu 250.000đ /người (3)",250000,https://comnieuvietnam.vn/products/set-menu-250-000d-nguoi-3,4,"CÁ CHIM HẤP HONG KONG"
SM250_03,"Set menu 250.000đ /người (3)",250000,https://comnieuvietnam.vn/products/set-menu-250-000d-nguoi-3,5,"TÔM CHIÊN NƯỚC MẮM"
SM250_03,"Set menu 250.000đ /người (3)",250000,https://comnieuvietnam.vn/products/set-menu-250-000d-nguoi-3,6,"CANH HẾN (DẮT) MỒNG TƠI"
SM250_03,"Set menu 250.000đ /người (3)",250000,https://comnieuvietnam.vn/products/set-menu-250-000d-nguoi-3,7,"CƠM NIÊU"
SM250_03,"Set menu 250.000đ /người (3)",250000,https://comnieuvietnam.vn/products/set-menu-250-000d-nguoi-3,8,"TRÁI CÂY + KHĂN LẠNH + TRÀ ĐÁ"
SM300_01,"Set menu 300.000đ /người (1)",300000,https://comnieuvietnam.vn/products/set-menu-300-000d-nguoi-1,1,"GỎI BÒ ĐỒNG QUÊ"
SM300_01,"Set menu 300.000đ /người (1)",300000,https://comnieuvietnam.vn/products/set-menu-300-000d-nguoi-1,2,"GÀ HẤP CẢI XANH"
SM300_01,"Set menu 300.000đ /người (1)",300000,https://comnieuvietnam.vn/products/set-menu-300-000d-nguoi-1,3,"CÁ BỐNG MÚ CHƯNG TƯƠNG"
SM300_01,"Set menu 300.000đ /người (1)",300000,https://comnieuvietnam.vn/products/set-menu-300-000d-nguoi-1,4,"BÒ SỐT TIÊU ĐEN"
SM300_01,"Set menu 300.000đ /người (1)",300000,https://comnieuvietnam.vn/products/set-menu-300-000d-nguoi-1,5,"TÔM CÀNG CHÁY BƠ TỎI"
SM300_01,"Set menu 300.000đ /người (1)",300000,https://comnieuvietnam.vn/products/set-menu-300-000d-nguoi-1,6,"LẨU VỊT OM SẤU"
SM300_01,"Set menu 300.000đ /người (1)",300000,https://comnieuvietnam.vn/products/set-menu-300-000d-nguoi-1,7,"CƠM NIÊU"
SM300_01,"Set menu 300.000đ /người (1)",300000,https://comnieuvietnam.vn/products/set-menu-300-000d-nguoi-1,8,"TRÁI CÂY + KHĂN LẠNH + TRÀ ĐÁ"
SM300_02,"Set menu 300.000đ /người (2)",300000,https://comnieuvietnam.vn/products/set-menu-300-000d-nguoi-2,1,"GỎI THÁI HẢI SẢN"
SM300_02,"Set menu 300.000đ /người (2)",300000,https://comnieuvietnam.vn/products/set-menu-300-000d-nguoi-2,2,"GÀ HẤP MẮM NHĨ"
SM300_02,"Set menu 300.000đ /người (2)",300000,https://comnieuvietnam.vn/products/set-menu-300-000d-nguoi-2,3,"CÁ KHO LÀNG VŨ ĐẠI"
SM300_02,"Set menu 300.000đ /người (2)",300000,https://comnieuvietnam.vn/products/set-menu-300-000d-nguoi-2,4,"BẮP BÒ NGÂM NƯỚC MẮM"
SM300_02,"Set menu 300.000đ /người (2)",300000,https://comnieuvietnam.vn/products/set-menu-300-000d-nguoi-2,5,"TÔM CÀNG XANH RANG MUỐI"
SM300_02,"Set menu 300.000đ /người (2)",300000,https://comnieuvietnam.vn/products/set-menu-300-000d-nguoi-2,6,"LẨU NGÓT CÁ CHIM"
SM300_02,"Set menu 300.000đ /người (2)",300000,https://comnieuvietnam.vn/products/set-menu-300-000d-nguoi-2,7,"CƠM NIÊU"
SM300_02,"Set menu 300.000đ /người (2)",300000,https://comnieuvietnam.vn/products/set-menu-300-000d-nguoi-2,8,"TRÁI CÂY + KHĂN LẠNH + TRÀ ĐÁ"
SM300_03,"Set menu 300.000đ /người (3)",300000,https://comnieuvietnam.vn/products/set-menu-300-000d-nguoi-3,1,"SALAD CẢI MẦM BÒ"
SM300_03,"Set menu 300.000đ /người (3)",300000,https://comnieuvietnam.vn/products/set-menu-300-000d-nguoi-3,2,"GÀ HẤP MÍA"
SM300_03,"Set menu 300.000đ /người (3)",300000,https://comnieuvietnam.vn/products/set-menu-300-000d-nguoi-3,3,"CÁ NGỪ ĐD LÚC LẮC"
SM300_03,"Set menu 300.000đ /người (3)",300000,https://comnieuvietnam.vn/products/set-menu-300-000d-nguoi-3,4,"TÔM CÀNG HẤP BIA"
SM300_03,"Set menu 300.000đ /người (3)",300000,https://comnieuvietnam.vn/products/set-menu-300-000d-nguoi-3,5,"MỰC 1 NẮNG CHIÊN NƯỚC MẮM"
SM300_03,"Set menu 300.000đ /người (3)",300000,https://comnieuvietnam.vn/products/set-menu-300-000d-nguoi-3,6,"LẨU RIÊU CUA SƯỜN SUN"
SM300_03,"Set menu 300.000đ /người (3)",300000,https://comnieuvietnam.vn/products/set-menu-300-000d-nguoi-3,7,"CƠM NIÊU"
SM300_03,"Set menu 300.000đ /người (3)",300000,https://comnieuvietnam.vn/products/set-menu-300-000d-nguoi-3,8,"TRÁI CÂY + KHĂN LẠNH + TRÀ ĐÁ"
SM350_01,"Set menu 350.000đ /người (1)",350000,https://comnieuvietnam.vn/products/set-menu-350-000d-nguoi-1,1,"GỎI TIẾN VUA TÔM THỊT"
SM350_01,"Set menu 350.000đ /người (1)",350000,https://comnieuvietnam.vn/products/set-menu-350-000d-nguoi-1,2,"GÀ HẤP MẮM NHĨ"
SM350_01,"Set menu 350.000đ /người (1)",350000,https://comnieuvietnam.vn/products/set-menu-350-000d-nguoi-1,3,"BẮP BÒ NGÂM NƯỚC MẮM"
SM350_01,"Set menu 350.000đ /người (1)",350000,https://comnieuvietnam.vn/products/set-menu-350-000d-nguoi-1,4,"CÁ KHO LÀNG VŨ ĐẠI"
SM350_01,"Set menu 350.000đ /người (1)",350000,https://comnieuvietnam.vn/products/set-menu-350-000d-nguoi-1,5,"TÔM CÀNG HẤP NƯỚC DỪA"
SM350_01,"Set menu 350.000đ /người (1)",350000,https://comnieuvietnam.vn/products/set-menu-350-000d-nguoi-1,6,"LẨU CUA NẤU BẦU"
SM350_01,"Set menu 350.000đ /người (1)",350000,https://comnieuvietnam.vn/products/set-menu-350-000d-nguoi-1,7,"CƠM NIÊU"
SM350_01,"Set menu 350.000đ /người (1)",350000,https://comnieuvietnam.vn/products/set-menu-350-000d-nguoi-1,8,"TRÁI CÂY + KHĂN LẠNH + TRÀ ĐÁ"
SM350_02,"Set menu 350.000đ /người (2)",350000,https://comnieuvietnam.vn/products/set-menu-350-000d-nguoi-3,1,"GÂN BÒ XÀO CẢI CHUA"
SM350_02,"Set menu 350.000đ /người (2)",350000,https://comnieuvietnam.vn/products/set-menu-350-000d-nguoi-3,2,"CHẢ MỰC HẠ LONG"
SM350_02,"Set menu 350.000đ /người (2)",350000,https://comnieuvietnam.vn/products/set-menu-350-000d-nguoi-3,3,"CÁ KHO LÀNG VŨ ĐẠI"
SM350_02,"Set menu 350.000đ /người (2)",350000,https://comnieuvietnam.vn/products/set-menu-350-000d-nguoi-3,4,"GÀ SỐT NẤM ĐÔNG CÔ"
SM350_02,"Set menu 350.000đ /người (2)",350000,https://comnieuvietnam.vn/products/set-menu-350-000d-nguoi-3,5,"NEM GHẸ PHÚ QUÔC"
SM350_02,"Set menu 350.000đ /người (2)",350000,https://comnieuvietnam.vn/products/set-menu-350-000d-nguoi-3,6,"LẨU VỊT OM SẤU"
SM350_02,"Set menu 350.000đ /người (2)",350000,https://comnieuvietnam.vn/products/set-menu-350-000d-nguoi-3,7,"CƠM NIÊU"
SM350_02,"Set menu 350.000đ /người (2)",350000,https://comnieuvietnam.vn/products/set-menu-350-000d-nguoi-3,8,"TRÁI CÂY + KHĂN LẠNH + TRÀ ĐÁ"
SM450_01,"Set menu 450.000đ /người",450000,https://comnieuvietnam.vn/products/set-menu-450-000d-nguoi,1,"GÂN BÒ XÀO CẢI CHUA"
SM450_01,"Set menu 450.000đ /người",450000,https://comnieuvietnam.vn/products/set-menu-450-000d-nguoi,2,"GÀ XÀO XẢ ỚT"
SM450_01,"Set menu 450.000đ /người",450000,https://comnieuvietnam.vn/products/set-menu-450-000d-nguoi,3,"CÁ BỐNG MÚ CHƯNG TƯƠNG"
SM450_01,"Set menu 450.000đ /người",450000,https://comnieuvietnam.vn/products/set-menu-450-000d-nguoi,4,"TÔM CÀNG RANG MUỐI"
SM450_01,"Set menu 450.000đ /người",450000,https://comnieuvietnam.vn/products/set-menu-450-000d-nguoi,5,"NEM RÁN THỊT GHẸ"
SM450_01,"Set menu 450.000đ /người",450000,https://comnieuvietnam.vn/products/set-menu-450-000d-nguoi,6,"MĂNG XÀO THỊT BA RỌI"
SM450_01,"Set menu 450.000đ /người",450000,https://comnieuvietnam.vn/products/set-menu-450-000d-nguoi,7,"MỰC 1 NẮNG CHIÊN NƯỚC MẮM"
SM450_01,"Set menu 450.000đ /người",450000,https://comnieuvietnam.vn/products/set-menu-450-000d-nguoi,8,"LẨU RIÊU CÁ CHÉP GIÒN"
SM450_01,"Set menu 450.000đ /người",450000,https://comnieuvietnam.vn/products/set-menu-450-000d-nguoi,9,"CƠM NIÊU"
SM450_01,"Set menu 450.000đ /người",450000,https://comnieuvietnam.vn/products/set-menu-450-000d-nguoi,10,"TRÁI CÂY + KHĂN LẠNH + TRÀ ĐÁ"
